Filename,Accuracy,Class Distribution
Defect_L7_B440_el6189_H2_W2.npy,0.9990675656290345,"13929,0,0,1,6,0,0,0,2,4,0,0,0,0,0,0,0,0,0"
NoiseDefectFree_000553.npy,1.0,"13942,0,0,0,0,0,0,0,0,0,0,0,0,0,0,0,0,0,0"
NoiseDefectFree_003145.npy,1.0,"13942,0,0,0,0,0,0,0,0,0,0,0,0,0,0,0,0,0,0"
Defect_L7_B70_el1811_H4_W4.npy,0.9973461483287906,"13903,4,0,6,6,0,2,0,18,3,0,0,0,0,0,0,0,0,0"
NoiseDefectFree_002057.npy,1.0,"13942,0,0,0,0,0,0,0,0,0,0,0,0,0,0,0,0,0,0"
NoiseDefectFree_000635.npy,1.0,"13942,0,0,0,0,0,0,0,0,0,0,0,0,0,0,0,0,0,0"
Defect_L6_B346_el4851_H2_W2.npy,0.9993544685124085,"13942,0,0,0,0,0,0,0,0,0,0,0,0,0,0,0,0,0,0"
Defect_L12_B252_el3485_H2_W2.npy,0.9984937598622866,"13921,0,0,0,0,0,0,0,0,0,17,0,0,0,3,1,0,0,0"
NoiseDefectFree_001710.npy,1.0,"13942,0,0,0,0,0,0,0,0,0,0,0,0,0,0,0,0,0,0"
NoiseDefectFree_000090.npy,1.0,"13942,0,0,0,0,0,0,0,0,0,0,0,0,0,0,0,0,0,0"
Defect_L17_B8_el143_H4_W4.npy,0.9969875197245732,"13900,12,0,5,2,0,0,0,15,2,3,0,0,0,1,0,0,2,0"
NoiseDefectFree_000918.npy,1.0,"13942,0,0,0,0,0,0,0,0,0,0,0,0,0,0,0,0,0,0"
Defect_L16_B55_el2502_H8_W8.npy,0.9941184908908335,"13830,0,0,0,0,0,0,0,0,0,56,6,1,0,15,31,0,0,3"
Defect_L7_B185_el5507_H4_W4.npy,0.9972744226079472,"13901,4,0,4,2,0,3,0,2,6,11,0,0,0,1,3,0,0,5"
Defect_L14_B30_el799_H4_W4.npy,0.9972026968871037,"13903,6,0,3,1,0,3,0,4,0,15,0,0,0,1,5,0,1,0"
Defect_L13_B5_el143_H8_W8.npy,0.9912494620570936,"13820,17,0,18,6,2,15,0,28,19,12,0,0,0,2,3,0,0,0"
NoiseDefectFree_003118.npy,1.0,"13942,0,0,0,0,0,0,0,0,0,0,0,0,0,0,0,0,0,0"
Defect_L17_B63_el3139_H8_W8.npy,0.9854396786687706,"13739,15,0,1,1,0,8,0,28,0,99,3,0,3,4,8,0,2,31"
NoiseDefectFree_000214.npy,1.0,"13942,0,0,0,0,0,0,0,0,0,0,0,0,0,0,0,0,0,0"
NoiseDefectFree_000779.npy,1.0,"13942,0,0,0,0,0,0,0,0,0,0,0,0,0,0,0,0,0,0"
NoiseDefectFree_003497.npy,1.0,"13942,0,0,0,0,0,0,0,0,0,0,0,0,0,0,0,0,0,0"
Defect_L2_B189_el2479_H2_W2.npy,0.9994261942332521,"13928,6,0,3,0,0,0,0,5,0,0,0,0,0,0,0,0,0,0"
NoiseDefectFree_002044.npy,1.0,"13942,0,0,0,0,0,0,0,0,0,0,0,0,0,0,0,0,0,0"
Defect_L10_B361_el5165_H2_W2.npy,0.9987806627456606,"13926,0,0,0,0,0,0,0,1,0,15,0,0,0,0,0,0,0,0"
Defect_L17_B373_el5203_H2_W2.npy,0.9986372113039736,"13923,0,0,0,0,0,0,0,0,0,11,0,0,0,5,2,0,1,0"
NoiseDefectFree_004168.npy,1.0,"13942,0,0,0,0,0,0,0,0,0,0,0,0,0,0,0,0,0,0"
NoiseDefectFree_003789.npy,1.0,"13942,0,0,0,0,0,0,0,0,0,0,0,0,0,0,0,0,0,0"
NoiseDefectFree_000584.npy,1.0,"13942,0,0,0,0,0,0,0,0,0,0,0,0,0,0,0,0,0,0"
Defect_L8_B61_el1491_H4_W4.npy,0.9970592454454167,"13901,3,0,5,4,2,1,0,24,2,0,0,0,0,0,0,0,0,0"
Defect_L14_B28_el1165_H8_W8.npy,0.9911777363362502,"13816,15,0,19,0,1,13,0,7,7,44,0,0,3,9,6,0,2,0"
NoiseDefectFree_001764.npy,1.0,"13942,0,0,0,0,0,0,0,0,0,0,0,0,0,0,0,0,0,0"
Defect_L17_B40_el1123_H4_W4.npy,0.9968440682828863,"13898,10,0,1,0,0,0,0,3,0,18,0,0,0,1,1,0,6,4"
NoiseDefectFree_002947.npy,1.0,"13942,0,0,0,0,0,0,0,0,0,0,0,0,0,0,0,0,0,0"
Defect_L12_B83_el3853_H8_W8.npy,0.986945918806484,"13750,0,0,0,0,0,0,0,0,0,137,10,0,15,17,13,0,0,0"
NoiseDefectFree_003634.npy,1.0,"13942,0,0,0,0,0,0,0,0,0,0,0,0,0,0,0,0,0,0"
NoiseDefectFree_003677.npy,1.0,"13942,0,0,0,0,0,0,0,0,0,0,0,0,0,0,0,0,0,0"
Defect_L8_B82_el1129_H2_W2.npy,0.9990675656290345,"13929,0,0,0,3,0,0,0,8,2,0,0,0,0,0,0,0,0,0"
NoiseDefectFree_001608.npy,1.0,"13942,0,0,0,0,0,0,0,0,0,0,0,0,0,0,0,0,0,0"
NoiseDefectFree_003611.npy,1.0,"13942,0,0,0,0,0,0,0,0,0,0,0,0,0,0,0,0,0,0"
Defect_L9_B70_el1811_H4_W4.npy,0.9974895997704777,"13897,0,0,0,6,0,4,0,29,6,0,0,0,0,0,0,0,0,0"
Defect_L5_B1_el115_H2_W2.npy,0.9991392913498781,"13928,0,0,1,2,0,0,0,9,1,1,0,0,0,0,0,0,0,0"
NoiseDefectFree_000792.npy,1.0,"13942,0,0,0,0,0,0,0,0,0,0,0,0,0,0,0,0,0,0"
NoiseDefectFree_001981.npy,1.0,"13942,0,0,0,0,0,0,0,0,0,0,0,0,0,0,0,0,0,0"
NoiseDefectFree_000934.npy,1.0,"13942,0,0,0,0,0,0,0,0,0,0,0,0,0,0,0,0,0,0"
NoiseDefectFree_001683.npy,1.0,"13942,0,0,0,0,0,0,0,0,0,0,0,0,0,0,0,0,0,0"
NoiseDefectFree_004180.npy,1.0,"13942,0,0,0,0,0,0,0,0,0,0,0,0,0,0,0,0,0,0"
Defect_L2_B43_el1135_H4_W4.npy,0.9984937598622866,"13904,17,0,3,2,0,0,0,12,1,1,0,0,0,0,0,0,0,2"
NoiseDefectFree_003094.npy,1.0,"13942,0,0,0,0,0,0,0,0,0,0,0,0,0,0,0,0,0,0"
NoiseDefectFree_001099.npy,1.0,"13942,0,0,0,0,0,0,0,0,0,0,0,0,0,0,0,0,0,0"
NoiseDefectFree_003343.npy,1.0,"13942,0,0,0,0,0,0,0,0,0,0,0,0,0,0,0,0,0,0"
Defect_L12_B215_el2815_H2_W2.npy,0.9987089370248171,"13924,0,0,0,0,0,0,0,0,0,18,0,0,0,0,0,0,0,0"
Defect_L11_B129_el6205_H8_W8.npy,0.993903313728303,"13833,0,0,0,0,13,0,0,2,22,45,0,0,0,7,20,0,0,0"
Defect_L2_B330_el4521_H2_W2.npy,0.9990675656290345,"13931,0,0,0,0,0,0,0,1,0,10,0,0,0,0,0,0,0,0"
NoiseDefectFree_002429.npy,1.0,"13942,0,0,0,0,0,0,0,0,0,0,0,0,0,0,0,0,0,0"
Defect_L6_B89_el4189_H8_W8.npy,0.9923253478697461,"13840,0,0,0,1,0,0,0,2,7,82,0,0,0,3,7,0,0,0"
Defect_L12_B101_el4861_H8_W8.npy,0.9884521589441974,"13784,0,0,0,0,0,0,0,0,0,127,0,0,0,31,0,0,0,0"
NoiseDefectFree_000687.npy,1.0,"13942,0,0,0,0,0,0,0,0,0,0,0,0,0,0,0,0,0,0"
NoiseDefectFree_004800.npy,1.0,"13942,0,0,0,0,0,0,0,0,0,0,0,0,0,0,0,0,0,0"
Defect_L2_B70_el821_H2_W2.npy,0.9993544685124085,"13928,5,0,3,0,0,0,0,5,1,0,0,0,0,0,0,0,0,0"
NoiseDefectFree_002354.npy,1.0,"13942,0,0,0,0,0,0,0,0,0,0,0,0,0,0,0,0,0,0"
Defect_L16_B367_el5191_H2_W2.npy,0.9981351312580692,"13913,0,0,0,0,0,0,0,0,0,23,0,0,0,3,3,0,0,0"
Defect_L5_B19_el151_H2_W2.npy,0.9992110170707216,"13928,0,0,0,3,0,0,0,10,1,0,0,0,0,0,0,0,0,0"
NoiseDefectFree_001041.npy,1.0,"13942,0,0,0,0,0,0,0,0,0,0,0,0,0,0,0,0,0,0"
Defect_L6_B118_el1485_H2_W2.npy,0.9990675656290345,"13929,0,0,0,3,0,0,0,9,1,0,0,0,0,0,0,0,0,0"
Defect_L10_B338_el4821_H2_W2.npy,0.9993544685124085,"13938,0,0,0,0,0,0,0,0,0,4,0,0,0,0,0,0,0,0"
NoiseDefectFree_000278.npy,1.0,"13942,0,0,0,0,0,0,0,0,0,0,0,0,0,0,0,0,0,0"
NoiseDefectFree_002383.npy,1.0,"13942,0,0,0,0,0,0,0,0,0,0,0,0,0,0,0,0,0,0"
NoiseDefectFree_001436.npy,1.0,"13942,0,0,0,0,0,0,0,0,0,0,0,0,0,0,0,0,0,0"
NoiseDefectFree_001008.npy,1.0,"13942,0,0,0,0,0,0,0,0,0,0,0,0,0,0,0,0,0,0"
Defect_L17_B301_el4151_H2_W2.npy,0.9986372113039736,"13923,0,0,0,0,0,0,0,0,0,12,0,0,0,4,1,0,2,0"
NoiseDefectFree_002065.npy,1.0,"13942,0,0,0,0,0,0,0,0,0,0,0,0,0,0,0,0,0,0"
NoiseDefectFree_000295.npy,1.0,"13942,0,0,0,0,0,0,0,0,0,0,0,0,0,0,0,0,0,0"
NoiseDefectFree_002404.npy,1.0,"13942,0,0,0,0,0,0,0,0,0,0,0,0,0,0,0,0,0,0"
NoiseDefectFree_002720.npy,1.0,"13942,0,0,0,0,0,0,0,0,0,0,0,0,0,0,0,0,0,0"
Defect_L14_B209_el6171_H4_W4.npy,0.9973461483287906,"13905,2,0,3,1,0,3,0,0,1,15,0,0,0,0,7,0,1,4"
NoiseDefectFree_002809.npy,1.0,"13942,0,0,0,0,0,0,0,0,0,0,0,0,0,0,0,0,0,0"
Defect_L16_B205_el2511_H2_W2.npy,0.9990675656290345,"13926,0,0,0,0,0,0,0,0,0,9,0,0,0,4,3,0,0,0"
NoiseDefectFree_002470.npy,1.0,"13942,0,0,0,0,0,0,0,0,0,0,0,0,0,0,0,0,0,0"
NoiseDefectFree_003739.npy,1.0,"13942,0,0,0,0,0,0,0,0,0,0,0,0,0,0,0,0,0,0"
NoiseDefectFree_002605.npy,1.0,"13942,0,0,0,0,0,0,0,0,0,0,0,0,0,0,0,0,0,0"
NoiseDefectFree_000363.npy,1.0,"13942,0,0,0,0,0,0,0,0,0,0,0,0,0,0,0,0,0,0"
NoiseDefectFree_002140.npy,1.0,"13942,0,0,0,0,0,0,0,0,0,0,0,0,0,0,0,0,0,0"
Defect_L18_B210_el2805_H2_W2.npy,0.9992110170707216,"13926,0,0,0,0,0,0,0,0,0,7,0,1,0,2,1,0,5,0"
NoiseDefectFree_001313.npy,1.0,"13942,0,0,0,0,0,0,0,0,0,0,0,0,0,0,0,0,0,0"
NoiseDefectFree_003931.npy,1.0,"13942,0,0,0,0,0,0,0,0,0,0,0,0,0,0,0,0,0,0"
Defect_L17_B192_el5535_H4_W4.npy,0.9965571653995122,"13894,0,0,0,0,0,0,0,0,0,24,0,1,0,3,2,0,7,11"
Defect_L2_B382_el5505_H2_W2.npy,0.9994979199540955,"13928,7,0,1,0,0,0,0,1,1,3,0,0,0,0,0,0,1,0"
Defect_L18_B315_el4193_H2_W2.npy,0.9990675656290345,"13922,0,0,0,0,0,0,0,0,0,11,0,0,0,1,0,0,7,1"
NoiseDefectFree_004037.npy,1.0,"13942,0,0,0,0,0,0,0,0,0,0,0,0,0,0,0,0,0,0"
Defect_L13_B65_el3153_H8_W8.npy,0.9899583990819107,"13805,0,0,1,0,0,1,0,3,0,70,2,0,11,6,10,0,2,31"
Defect_L10_B78_H8_W4.npy,0.9960550853536078,"13873,0,0,0,0,0,0,0,43,26,0,0,0,0,0,0,0,0,0"
Defect_L4_B98_el1161_H2_W2.npy,0.9992110170707216,"13927,3,0,4,1,0,0,0,6,1,0,0,0,0,0,0,0,0,0"
NoiseDefectFree_004134.npy,1.0,"13942,0,0,0,0,0,0,0,0,0,0,0,0,0,0,0,0,0,0"
NoiseDefectFree_000955.npy,1.0,"13942,0,0,0,0,0,0,0,0,0,0,0,0,0,0,0,0,0,0"
Defect_L10_B236_el3155_H2_W2.npy,0.9984937598622866,"13923,0,0,0,0,0,0,0,19,0,0,0,0,0,0,0,0,0,0"
Defect_L14_B32_el1480_H8_W8.npy,0.9907473820111892,"13808,10,0,8,0,1,9,0,7,5,52,0,0,5,10,7,0,1,19"
NoiseDefectFree_001381.npy,1.0,"13942,0,0,0,0,0,0,0,0,0,0,0,0,0,0,0,0,0,0"
NoiseDefectFree_004676.npy,1.0,"13942,0,0,0,0,0,0,0,0,0,0,0,0,0,0,0,0,0,0"
NoiseDefectFree_000893.npy,1.0,"13942,0,0,0,0,0,0,0,0,0,0,0,0,0,0,0,0,0,0"
Defect_L11_B224_el2847_H2_W2.npy,0.999569645674939,"13929,0,0,0,0,0,0,0,0,0,13,0,0,0,0,0,0,0,0"
NoiseDefectFree_004877.npy,1.0,"13942,0,0,0,0,0,0,0,0,0,0,0,0,0,0,0,0,0,0"
Defect_L8_B122_el3487_H4_W4.npy,0.9964137139578253,"13892,4,0,6,4,0,2,0,31,3,0,0,0,0,0,0,0,0,0"
NoiseDefectFree_002467.npy,1.0,"13942,0,0,0,0,0,0,0,0,0,0,0,0,0,0,0,0,0,0"
NoiseDefectFree_002737.npy,1.0,"13942,0,0,0,0,0,0,0,0,0,0,0,0,0,0,0,0,0,0"
Defect_L14_B243_el3183_H2_W2.npy,0.9989241141873476,"13927,0,0,0,0,0,0,0,0,0,11,0,0,0,4,0,0,0,0"
Defect_L3_B314_el4191_H2_W2.npy,0.9989241141873476,"13927,3,0,3,1,0,0,0,1,2,4,0,0,0,0,0,0,1,0"
NoiseDefectFree_001797.npy,1.0,"13942,0,0,0,0,0,0,0,0,0,0,0,0,0,0,0,0,0,0"
NoiseDefectFree_002266.npy,1.0,"13942,0,0,0,0,0,0,0,0,0,0,0,0,0,0,0,0,0,0"
NoiseDefectFree_000825.npy,1.0,"13942,0,0,0,0,0,0,0,0,0,0,0,0,0,0,0,0,0,0"
Defect_L13_B121_el1491_H2_W2.npy,0.998852388466504,"13926,0,0,0,0,0,0,0,0,0,10,0,0,0,3,3,0,0,0"
NoiseDefectFree_001390.npy,1.0,"13942,0,0,0,0,0,0,0,0,0,0,0,0,0,0,0,0,0,0"
Defect_L9_B60_el2831_H8_W8.npy,0.9953378281451729,"13868,0,0,0,0,0,0,0,53,20,1,0,0,0,0,0,0,0,0"
Defect_L10_B15_el143_H2_W2.npy,0.9990675656290345,"13928,0,0,0,0,0,0,0,13,1,0,0,0,0,0,0,0,0,0"
Defect_L3_B161_el4527_H4_W4.npy,0.9977047769330082,"13911,0,0,0,0,0,0,0,2,1,21,0,0,0,3,4,0,0,0"
Defect_L11_B78_el837_H2_W2.npy,0.9997848228374695,"13930,0,0,0,0,0,0,0,0,0,12,0,0,0,0,0,0,0,0"
Defect_L9_B172_el2161_H2_W2.npy,0.9992110170707216,"13926,0,0,0,0,3,0,0,12,1,0,0,0,0,0,0,0,0,0"
NoiseDefectFree_001772.npy,1.0,"13942,0,0,0,0,0,0,0,0,0,0,0,0,0,0,0,0,0,0"
NoiseDefectFree_002033.npy,1.0,"13942,0,0,0,0,0,0,0,0,0,0,0,0,0,0,0,0,0,0"
NoiseDefectFree_003811.npy,1.0,"13942,0,0,0,0,0,0,0,0,0,0,0,0,0,0,0,0,0,0"
NoiseDefectFree_004347.npy,1.0,"13942,0,0,0,0,0,0,0,0,0,0,0,0,0,0,0,0,0,0"
Defect_L9_B386_el5513_H2_W2.npy,0.9987089370248171,"13924,0,0,0,0,1,0,0,0,1,10,0,0,0,1,5,0,0,0"
Defect_L10_B67_el815_H2_W2.npy,0.9991392913498781,"13929,0,0,0,0,0,0,0,12,1,0,0,0,0,0,0,0,0,0"
Defect_L14_B157_el4495_H4_W4.npy,0.9972026968871037,"13906,0,0,0,0,0,0,0,0,0,36,0,0,0,0,0,0,0,0"
Defect_L5_B104_el2815_H4_W4.npy,0.9976330512121647,"13909,0,0,0,0,0,0,0,22,11,0,0,0,0,0,0,0,0,0"
Defect_L9_B337_el4819_H2_W2.npy,0.9991392913498781,"13931,0,0,0,0,0,0,0,0,0,11,0,0,0,0,0,0,0,0"
Defect_L11_B21_el479_H4_W4.npy,0.9981351312580692,"13908,0,0,0,0,6,0,0,0,12,16,0,0,0,0,0,0,0,0"
NoiseDefectFree_004279.npy,1.0,"13942,0,0,0,0,0,0,0,0,0,0,0,0,0,0,0,0,0,0"
Defect_L9_B33_el811_H4_W4.npy,0.9979916798163821,"13899,0,0,0,6,0,4,0,32,0,1,0,0,0,0,0,0,0,0"
NoiseDefectFree_002668.npy,1.0,"13942,0,0,0,0,0,0,0,0,0,0,0,0,0,0,0,0,0,0"
Defect_L5_B157_el2131_H2_W2.npy,0.999282742791565,"13929,0,0,0,3,0,0,0,8,2,0,0,0,0,0,0,0,0,0"
NoiseDefectFree_003224.npy,1.0,"13942,0,0,0,0,0,0,0,0,0,0,0,0,0,0,0,0,0,0"
NoiseDefectFree_000615.npy,1.0,"13942,0,0,0,0,0,0,0,0,0,0,0,0,0,0,0,0,0,0"
NoiseDefectFree_004498.npy,1.0,"13942,0,0,0,0,0,0,0,0,0,0,0,0,0,0,0,0,0,0"
NoiseDefectFree_003295.npy,1.0,"13942,0,0,0,0,0,0,0,0,0,0,0,0,0,0,0,0,0,0"
Defect_L4_B445_el6199_H2_W2.npy,0.9992110170707216,"13928,4,0,3,2,0,0,0,4,1,0,0,0,0,0,0,0,0,0"
NoiseDefectFree_001501.npy,1.0,"13942,0,0,0,0,0,0,0,0,0,0,0,0,0,0,0,0,0,0"
NoiseDefectFree_001522.npy,1.0,"13942,0,0,0,0,0,0,0,0,0,0,0,0,0,0,0,0,0,0"
NoiseDefectFree_004233.npy,1.0,"13942,0,0,0,0,0,0,0,0,0,0,0,0,0,0,0,0,0,0"
Defect_L2_B355_el4869_H2_W2.npy,0.9991392913498781,"13930,0,0,0,0,0,0,0,0,0,8,0,0,0,1,3,0,0,0"
NoiseDefectFree_004431.npy,1.0,"13942,0,0,0,0,0,0,0,0,0,0,0,0,0,0,0,0,0,0"
Defect_L16_B51_el499_H2_W2.npy,0.9992110170707216,"13929,0,0,0,2,0,0,0,1,2,4,0,0,0,2,2,0,0,0"
Defect_L6_B25_el495_H4_W4.npy,0.9978482283746951,"13910,0,0,0,6,2,0,0,20,4,0,0,0,0,0,0,0,0,0"
NoiseDefectFree_003994.npy,1.0,"13942,0,0,0,0,0,0,0,0,0,0,0,0,0,0,0,0,0,0"
Defect_L5_B346_el4851_H2_W2.npy,0.9993544685124085,"13942,0,0,0,0,0,0,0,0,0,0,0,0,0,0,0,0,0,0"
NoiseDefectFree_002422.npy,1.0,"13942,0,0,0,0,0,0,0,0,0,0,0,0,0,0,0,0,0,0"
Defect_L18_B176_el2169_H2_W2.npy,0.9992110170707216,"13926,3,0,0,0,0,0,0,0,0,7,0,1,0,0,0,0,5,0"
NoiseDefectFree_001751.npy,1.0,"13942,0,0,0,0,0,0,0,0,0,0,0,0,0,0,0,0,0,0"
NoiseDefectFree_000339.npy,1.0,"13942,0,0,0,0,0,0,0,0,0,0,0,0,0,0,0,0,0,0"
Defect_L2_B60_el801_H2_W2.npy,0.9994261942332521,"13928,6,0,2,0,0,0,0,5,1,0,0,0,0,0,0,0,0,0"
NoiseDefectFree_001342.npy,1.0,"13942,0,0,0,0,0,0,0,0,0,0,0,0,0,0,0,0,0,0"
Defect_L2_B163_el2143_H2_W2.npy,0.9993544685124085,"13927,6,0,2,0,0,0,0,7,0,0,0,0,0,0,0,0,0,0"
NoiseDefectFree_000330.npy,1.0,"13942,0,0,0,0,0,0,0,0,0,0,0,0,0,0,0,0,0,0"
NoiseDefectFree_003005.npy,1.0,"13942,0,0,0,0,0,0,0,0,0,0,0,0,0,0,0,0,0,0"
Defect_L5_B130_el3519_H4_W4.npy,0.9981351312580692,"13908,0,0,0,8,4,0,0,17,5,0,0,0,0,0,0,0,0,0"
Defect_L2_B138_el3835_H4_W4.npy,0.9946922966575814,"13855,13,0,2,0,2,0,0,35,9,13,0,0,0,2,0,0,0,11"
NoiseDefectFree_001640.npy,1.0,"13942,0,0,0,0,0,0,0,0,0,0,0,0,0,0,0,0,0,0"
NoiseDefectFree_002121.npy,1.0,"13942,0,0,0,0,0,0,0,0,0,0,0,0,0,0,0,0,0,0"
NoiseDefectFree_001525.npy,1.0,"13942,0,0,0,0,0,0,0,0,0,0,0,0,0,0,0,0,0,0"
NoiseDefectFree_000154.npy,1.0,"13942,0,0,0,0,0,0,0,0,0,0,0,0,0,0,0,0,0,0"
Defect_L16_B43_el2131_H8_W8.npy,0.993759862286616,"13815,0,0,0,0,0,0,0,0,0,66,0,0,0,15,40,0,1,5"
Defect_L6_B57_el795_H2_W2.npy,0.9990675656290345,"13929,0,0,0,3,0,0,0,9,1,0,0,0,0,0,0,0,0,0"
Defect_L3_B429_el6167_H2_W2.npy,0.9990675656290345,"13929,5,0,3,0,0,1,0,4,0,0,0,0,0,0,0,0,0,0"
Defect_L18_B181_el2179_H2_W2.npy,0.9992110170707216,"13926,3,0,0,0,0,0,0,0,0,7,0,1,0,0,0,0,5,0"
NoiseDefectFree_004151.npy,1.0,"13942,0,0,0,0,0,0,0,0,0,0,0,0,0,0,0,0,0,0"
Defect_L16_B116_el3179_H4_W4.npy,0.9977047769330082,"13903,0,0,0,0,0,0,0,0,0,29,0,0,0,3,7,0,0,0"
Defect_L15_B35_el1501_H8_W8.npy,0.9931143307990246,"13836,0,0,0,3,24,5,0,0,3,48,0,0,0,10,13,0,0,0"
Defect_L9_B267_el3515_H2_W2.npy,0.998852388466504,"13921,0,0,0,1,2,0,0,17,1,0,0,0,0,0,0,0,0,0"
Defect_L19_B50_el1163_H4_W4.npy,0.9972026968871037,"13902,14,0,1,0,0,2,0,3,0,12,0,0,0,0,1,0,6,1"
NoiseDefectFree_004125.npy,1.0,"13942,0,0,0,0,0,0,0,0,0,0,0,0,0,0,0,0,0,0"
NoiseDefectFree_002867.npy,1.0,"13942,0,0,0,0,0,0,0,0,0,0,0,0,0,0,0,0,0,0"
Defect_L2_B201_el5855_H4_W4.npy,0.9982785826997561,"13904,14,0,2,1,1,2,0,5,6,2,0,0,0,0,0,0,0,5"
NoiseDefectFree_003068.npy,1.0,"13942,0,0,0,0,0,0,0,0,0,0,0,0,0,0,0,0,0,0"
Defect_L16_B121_el1491_H2_W2.npy,0.9991392913498781,"13927,0,0,0,0,0,0,0,0,0,9,0,0,0,3,3,0,0,0"
Defect_L13_B32_el461_H2_W2.npy,0.9989241141873476,"13927,0,0,0,3,0,0,0,1,2,5,0,0,0,0,4,0,0,0"
Defect_L5_B89_el4189_H8_W8.npy,0.9925405250322765,"13840,0,0,0,2,1,0,0,3,7,80,0,0,0,3,6,0,0,0"
Defect_L18_B193_el5539_H4_W4.npy,0.9957681824702338,"13875,0,0,1,0,0,0,0,0,0,41,0,0,0,4,0,0,8,13"
Defect_L3_B108_el5197_H8_W8.npy,0.9895280447568499,"13796,12,0,3,0,1,4,0,3,9,57,0,1,4,1,13,0,1,37"
Defect_L7_B343_el4831_H2_W2.npy,0.9991392913498781,"13933,0,0,0,0,0,0,0,0,0,9,0,0,0,0,0,0,0,0"
NoiseDefectFree_002075.npy,1.0,"13942,0,0,0,0,0,0,0,0,0,0,0,0,0,0,0,0,0,0"
NoiseDefectFree_000342.npy,1.0,"13942,0,0,0,0,0,0,0,0,0,0,0,0,0,0,0,0,0,0"
Defect_L10_B164_el4823_H4_W4.npy,0.9977047769330082,"13916,0,0,0,0,0,0,0,0,0,26,0,0,0,0,0,0,0,0"
Defect_L8_B83_el1131_H2_W2.npy,0.9989958399081911,"13928,0,0,0,3,0,0,0,9,2,0,0,0,0,0,0,0,0,0"
Defect_L2_B436_el6181_H2_W2.npy,0.9994979199540955,"13929,6,0,2,0,0,1,0,3,1,0,0,0,0,0,0,0,0,0"
Defect_L14_B77_el835_H2_W2.npy,0.9990675656290345,"13929,0,0,1,0,0,0,0,1,1,4,0,0,0,1,5,0,0,0"
NoiseDefectFree_001302.npy,1.0,"13942,0,0,0,0,0,0,0,0,0,0,0,0,0,0,0,0,0,0"
Defect_L10_B20_el475_H4_W4.npy,0.9980634055372256,"13905,0,0,0,0,2,0,0,25,10,0,0,0,0,0,0,0,0,0"
Defect_L13_B174_el5163_H4_W4.npy,0.9956247310285469,"13881,0,0,0,0,0,0,0,0,0,41,1,0,4,10,5,0,0,0"
NoiseDefectFree_003187.npy,1.0,"13942,0,0,0,0,0,0,0,0,0,0,0,0,0,0,0,0,0,0"
NoiseDefectFree_002769.npy,1.0,"13942,0,0,0,0,0,0,0,0,0,0,0,0,0,0,0,0,0,0"
NoiseDefectFree_004832.npy,1.0,"13942,0,0,0,0,0,0,0,0,0,0,0,0,0,0,0,0,0,0"
NoiseDefectFree_004224.npy,1.0,"13942,0,0,0,0,0,0,0,0,0,0,0,0,0,0,0,0,0,0"
NoiseDefectFree_001388.npy,1.0,"13942,0,0,0,0,0,0,0,0,0,0,0,0,0,0,0,0,0,0"
Defect_L17_B451_el6211_H2_W2.npy,0.9989958399081911,"13928,3,0,0,0,0,0,0,0,0,5,0,0,0,0,1,0,5,0"
NoiseDefectFree_001280.npy,1.0,"13942,0,0,0,0,0,0,0,0,0,0,0,0,0,0,0,0,0,0"
NoiseDefectFree_001556.npy,1.0,"13942,0,0,0,0,0,0,0,0,0,0,0,0,0,0,0,0,0,0"
NoiseDefectFree_004567.npy,1.0,"13942,0,0,0,0,0,0,0,0,0,0,0,0,0,0,0,0,0,0"
NoiseDefectFree_004842.npy,1.0,"13942,0,0,0,0,0,0,0,0,0,0,0,0,0,0,0,0,0,0"
Defect_L10_B81_el2139_H4_W4.npy,0.9982785826997561,"13908,0,0,0,0,4,0,0,20,10,0,0,0,0,0,0,0,0,0"
Defect_L18_B419_el5863_H2_W2.npy,0.999282742791565,"13925,0,0,0,0,0,0,0,0,0,7,0,1,0,1,0,0,7,1"
Defect_L18_B1_el115_H4_W4.npy,0.9966288911203558,"13893,16,0,2,0,0,2,0,8,9,8,0,0,0,0,0,0,2,2"
NoiseDefectFree_004178.npy,1.0,"13942,0,0,0,0,0,0,0,0,0,0,0,0,0,0,0,0,0,0"
NoiseDefectFree_001309.npy,1.0,"13942,0,0,0,0,0,0,0,0,0,0,0,0,0,0,0,0,0,0"
NoiseDefectFree_002199.npy,1.0,"13942,0,0,0,0,0,0,0,0,0,0,0,0,0,0,0,0,0,0"
Defect_L3_B371_el5199_H2_W2.npy,0.9989241141873476,"13927,2,0,0,1,0,0,0,0,0,6,0,0,0,0,3,0,3,0"
NoiseDefectFree_000944.npy,1.0,"13942,0,0,0,0,0,0,0,0,0,0,0,0,0,0,0,0,0,0"
Defect_L10_B211_el6179_H4_W4.npy,0.9983503084205996,"13909,0,0,0,0,7,0,0,15,11,0,0,0,0,0,0,0,0,0"
Defect_L16_B348_el4855_H2_W2.npy,0.9990675656290345,"13930,0,0,0,0,0,0,0,0,0,12,0,0,0,0,0,0,0,0"
Defect_L17_B1_el115_H4_W4.npy,0.9965571653995122,"13894,15,0,2,0,0,1,0,10,9,7,0,0,0,0,0,0,3,1"
Defect_L7_B347_el4853_H2_W2.npy,0.9993544685124085,"13940,0,0,0,0,0,0,0,0,0,2,0,0,0,0,0,0,0,0"
Defect_L2_B278_el3821_H2_W2.npy,0.999282742791565,"13926,6,0,3,0,0,0,0,6,1,0,0,0,0,0,0,0,0,0"
Defect_L9_B66_el3160_H8_W8.npy,0.9907473820111892,"13799,12,0,17,3,2,10,0,47,18,34,0,0,0,0,0,0,0,0"
NoiseDefectFree_003055.npy,1.0,"13942,0,0,0,0,0,0,0,0,0,0,0,0,0,0,0,0,0,0"
Defect_L2_B187_el2475_H2_W2.npy,0.9993544685124085,"13928,5,0,3,0,0,1,0,5,0,0,0,0,0,0,0,0,0,0"
Defect_L11_B380_el5501_H2_W2.npy,0.9994261942332521,"13925,0,0,0,0,0,0,0,0,0,17,0,0,0,0,0,0,0,0"
Defect_L18_B66_el813_H2_W2.npy,0.9991392913498781,"13927,5,0,0,0,0,0,0,1,0,5,0,1,0,0,0,0,3,0"
Defect_L2_B105_el2835_H4_W4.npy,0.9974178740496342,"13914,0,0,0,3,1,0,0,18,6,0,0,0,0,0,0,0,0,0"
Defect_L16_B399_el5539_H2_W2.npy,0.9990675656290345,"13926,0,0,0,0,0,0,0,0,0,10,0,0,0,3,3,0,0,0"
NoiseDefectFree_000055.npy,1.0,"13942,0,0,0,0,0,0,0,0,0,0,0,0,0,0,0,0,0,0"
Defect_L6_B29_el795_H4_W4.npy,0.9977765026538516,"13910,0,0,0,8,1,0,0,19,4,0,0,0,0,0,0,0,0,0"
Defect_L2_B297_el3859_H2_W2.npy,0.999282742791565,"13926,6,0,2,0,0,1,0,6,1,0,0,0,0,0,0,0,0,0"
Defect_L4_B213_el2811_H2_W2.npy,0.9990675656290345,"13927,0,0,2,3,0,0,0,8,2,0,0,0,0,0,0,0,0,0"
NoiseDefectFree_004927.npy,1.0,"13942,0,0,0,0,0,0,0,0,0,0,0,0,0,0,0,0,0,0"
Defect_L7_B190_el2481_H2_W2.npy,0.9987806627456606,"13925,0,0,2,5,0,0,0,7,3,0,0,0,0,0,0,0,0,0"
Defect_L9_B188_el5519_H4_W4.npy,0.9964854396786688,"13893,0,0,2,4,5,5,0,1,7,20,0,0,0,1,4,0,0,0"
Defect_L10_B372_el5201_H2_W2.npy,0.9992110170707216,"13931,0,0,0,0,0,0,0,0,0,11,0,0,0,0,0,0,0,0"
NoiseDefectFree_000769.npy,1.0,"13942,0,0,0,0,0,0,0,0,0,0,0,0,0,0,0,0,0,0"
Defect_L11_B89_el1143_H2_W2.npy,0.999713097116626,"13929,0,0,0,0,0,0,0,0,0,13,0,0,0,0,0,0,0,0"
Defect_L10_B46_el1147_H4_W4.npy,0.9982068569789126,"13908,0,0,0,0,3,0,0,22,9,0,0,0,0,0,0,0,0,0"
NoiseDefectFree_004525.npy,1.0,"13942,0,0,0,0,0,0,0,0,0,0,0,0,0,0,0,0,0,0"
NoiseDefectFree_002718.npy,1.0,"13942,0,0,0,0,0,0,0,0,0,0,0,0,0,0,0,0,0,0"
NoiseDefectFree_002080.npy,1.0,"13942,0,0,0,0,0,0,0,0,0,0,0,0,0,0,0,0,0,0"
NoiseDefectFree_000952.npy,1.0,"13942,0,0,0,0,0,0,0,0,0,0,0,0,0,0,0,0,0,0"
NoiseDefectFree_004423.npy,1.0,"13942,0,0,0,0,0,0,0,0,0,0,0,0,0,0,0,0,0,0"
Defect_L5_B219_el6211_H4_W4.npy,0.9982068569789126,"13911,0,0,0,6,5,0,0,11,9,0,0,0,0,0,0,0,0,0"
Defect_L13_B163_el4819_H4_W4.npy,0.9957681824702338,"13883,0,0,0,0,0,0,0,0,0,52,0,0,0,7,0,0,0,0"
NoiseDefectFree_003702.npy,1.0,"13942,0,0,0,0,0,0,0,0,0,0,0,0,0,0,0,0,0,0"
NoiseDefectFree_004244.npy,1.0,"13942,0,0,0,0,0,0,0,0,0,0,0,0,0,0,0,0,0,0"
NoiseDefectFree_000689.npy,1.0,"13942,0,0,0,0,0,0,0,0,0,0,0,0,0,0,0,0,0,0"
NoiseDefectFree_000967.npy,1.0,"13942,0,0,0,0,0,0,0,0,0,0,0,0,0,0,0,0,0,0"
Defect_L17_B42_el481_H2_W2.npy,0.9989241141873476,"13927,4,0,1,1,0,0,0,2,0,4,0,0,0,0,1,0,2,0"
NoiseDefectFree_004758.npy,1.0,"13942,0,0,0,0,0,0,0,0,0,0,0,0,0,0,0,0,0,0"
Defect_L11_B423_el5871_H2_W2.npy,0.999569645674939,"13927,0,0,0,0,0,0,0,0,0,15,0,0,0,0,0,0,0,0"
Defect_L9_B29_el795_H4_W4.npy,0.9981351312580692,"13902,0,0,0,6,0,4,0,29,1,0,0,0,0,0,0,0,0,0"
Defect_L18_B161_el4527_H4_W4.npy,0.9969157940037298,"13900,0,0,0,0,0,0,0,0,0,36,0,0,0,6,0,0,0,0"
NoiseDefectFree_003573.npy,1.0,"13942,0,0,0,0,0,0,0,0,0,0,0,0,0,0,0,0,0,0"
Defect_L3_B80_el3832_H8_W8.npy,0.9889542389901018,"13788,18,0,2,0,2,5,0,42,16,24,0,0,0,2,0,0,0,43"
NoiseDefectFree_001206.npy,1.0,"13942,0,0,0,0,0,0,0,0,0,0,0,0,0,0,0,0,0,0"
NoiseDefectFree_004972.npy,1.0,"13942,0,0,0,0,0,0,0,0,0,0,0,0,0,0,0,0,0,0"
Defect_L14_B423_el5871_H2_W2.npy,0.998852388466504,"13926,0,0,0,0,0,0,0,0,0,7,0,0,0,3,5,0,1,0"
Defect_L8_B410_el5845_H2_W2.npy,0.9990675656290345,"13929,0,0,0,8,0,0,0,0,5,0,0,0,0,0,0,0,0,0"
Defect_L18_B89_el4189_H8_W8.npy,0.9884521589441974,"13777,0,0,0,0,0,1,0,3,0,104,8,1,5,24,11,0,5,3"
Defect_L13_B186_el5511_H4_W4.npy,0.994190216611677,"13860,0,0,0,0,0,0,0,0,0,59,0,1,2,6,4,0,3,7"
NoiseDefectFree_001626.npy,1.0,"13942,0,0,0,0,0,0,0,0,0,0,0,0,0,0,0,0,0,0"
NoiseDefectFree_004213.npy,1.0,"13942,0,0,0,0,0,0,0,0,0,0,0,0,0,0,0,0,0,0"
NoiseDefectFree_003508.npy,1.0,"13942,0,0,0,0,0,0,0,0,0,0,0,0,0,0,0,0,0,0"
Defect_L17_B115_el5533_H8_W8.npy,0.987376273131545,"13766,5,0,0,0,0,0,0,1,0,94,7,0,4,8,2,0,9,46"
NoiseDefectFree_002709.npy,1.0,"13942,0,0,0,0,0,0,0,0,0,0,0,0,0,0,0,0,0,0"
Defect_L11_B437_el6183_H2_W2.npy,0.999713097116626,"13929,0,0,0,0,0,0,0,0,0,13,0,0,0,0,0,0,0,0"
NoiseDefectFree_004663.npy,1.0,"13942,0,0,0,0,0,0,0,0,0,0,0,0,0,0,0,0,0,0"
Defect_L7_B48_el493_H2_W2.npy,0.9989958399081911,"13928,0,0,0,3,0,0,0,10,1,0,0,0,0,0,0,0,0,0"
NoiseDefectFree_002873.npy,1.0,"13942,0,0,0,0,0,0,0,0,0,0,0,0,0,0,0,0,0,0"
NoiseDefectFree_003031.npy,1.0,"13942,0,0,0,0,0,0,0,0,0,0,0,0,0,0,0,0,0,0"
NoiseDefectFree_001646.npy,1.0,"13942,0,0,0,0,0,0,0,0,0,0,0,0,0,0,0,0,0,0"
NoiseDefectFree_003418.npy,1.0,"13942,0,0,0,0,0,0,0,0,0,0,0,0,0,0,0,0,0,0"
NoiseDefectFree_001793.npy,1.0,"13942,0,0,0,0,0,0,0,0,0,0,0,0,0,0,0,0,0,0"
Defect_L6_B95_el1155_H2_W2.npy,0.9991392913498781,"13929,0,0,0,2,1,0,0,9,1,0,0,0,0,0,0,0,0,0"
Defect_L3_B172_el2161_H2_W2.npy,0.9989241141873476,"13927,5,0,3,0,0,1,0,6,0,0,0,0,0,0,0,0,0,0"
Defect_L4_B120_el1489_H2_W2.npy,0.9991392913498781,"13927,4,0,3,1,0,0,0,6,1,0,0,0,0,0,0,0,0,0"
Defect_L7_B299_el4147_H2_W2.npy,0.9990675656290345,"13929,0,0,0,1,1,0,0,0,3,4,0,0,0,0,4,0,0,0"
NoiseDefectFree_003877.npy,1.0,"13942,0,0,0,0,0,0,0,0,0,0,0,0,0,0,0,0,0,0"
Defect_L7_B67_el3167_H8_W8.npy,0.9921818964280591,"13826,12,0,18,8,1,8,0,49,10,0,0,0,0,0,0,0,0,10"
NoiseDefectFree_000828.npy,1.0,"13942,0,0,0,0,0,0,0,0,0,0,0,0,0,0,0,0,0,0"
Defect_L16_B101_el2803_H4_W4.npy,0.9974895997704777,"13907,0,0,0,0,0,0,0,0,0,27,0,0,0,8,0,0,0,0"
Defect_L17_B77_el835_H2_W2.npy,0.9989241141873476,"13927,3,0,0,1,0,0,0,0,1,5,0,0,0,0,1,0,4,0"
Defect_L10_B146_el4151_H4_W4.npy,0.9977047769330082,"13905,0,0,0,0,0,0,0,0,7,30,0,0,0,0,0,0,0,0"
NoiseDefectFree_000346.npy,1.0,"13942,0,0,0,0,0,0,0,0,0,0,0,0,0,0,0,0,0,0"
Defect_L12_B34_el1494_H8_W8.npy,0.9901018505235978,"13804,2,0,14,0,1,23,0,4,4,72,0,0,0,4,10,0,0,4"
NoiseDefectFree_002117.npy,1.0,"13942,0,0,0,0,0,0,0,0,0,0,0,0,0,0,0,0,0,0"
NoiseDefectFree_002675.npy,1.0,"13942,0,0,0,0,0,0,0,0,0,0,0,0,0,0,0,0,0,0"
NoiseDefectFree_004226.npy,1.0,"13942,0,0,0,0,0,0,0,0,0,0,0,0,0,0,0,0,0,0"
Defect_L4_B361_el5165_H2_W2.npy,0.9989241141873476,"13926,0,0,1,0,0,0,0,1,0,7,0,0,0,0,1,0,6,0"
Defect_L8_B208_el2517_H2_W2.npy,0.9989241141873476,"13927,0,0,0,3,0,0,0,10,2,0,0,0,0,0,0,0,0,0"
Defect_L10_B106_el5183_H8_W8.npy,0.9890976904317889,"13789,0,0,0,0,0,2,0,1,7,96,0,0,0,7,40,0,0,0"
Defect_L15_B411_el5847_H2_W2.npy,0.9989958399081911,"13926,0,0,0,0,0,0,0,0,0,11,0,0,0,2,3,0,0,0"
Defect_L6_B230_el3143_H2_W2.npy,0.9990675656290345,"13929,0,0,0,0,0,0,0,12,1,0,0,0,0,0,0,0,0,0"
NoiseDefectFree_001866.npy,1.0,"13942,0,0,0,0,0,0,0,0,0,0,0,0,0,0,0,0,0,0"
NoiseDefectFree_004613.npy,1.0,"13942,0,0,0,0,0,0,0,0,0,0,0,0,0,0,0,0,0,0"
NoiseDefectFree_002646.npy,1.0,"13942,0,0,0,0,0,0,0,0,0,0,0,0,0,0,0,0,0,0"
NoiseDefectFree_002337.npy,1.0,"13942,0,0,0,0,0,0,0,0,0,0,0,0,0,0,0,0,0,0"
NoiseDefectFree_000951.npy,1.0,"13942,0,0,0,0,0,0,0,0,0,0,0,0,0,0,0,0,0,0"
NoiseDefectFree_001121.npy,1.0,"13942,0,0,0,0,0,0,0,0,0,0,0,0,0,0,0,0,0,0"
NoiseDefectFree_002205.npy,1.0,"13942,0,0,0,0,0,0,0,0,0,0,0,0,0,0,0,0,0,0"
NoiseDefectFree_000420.npy,1.0,"13942,0,0,0,0,0,0,0,0,0,0,0,0,0,0,0,0,0,0"
NoiseDefectFree_000923.npy,1.0,"13942,0,0,0,0,0,0,0,0,0,0,0,0,0,0,0,0,0,0"
Defect_L16_B189_el5523_H4_W4.npy,0.9977047769330082,"13902,0,0,0,0,0,0,0,0,0,19,1,0,0,12,8,0,0,0"
Defect_L11_B122_el3487_H4_W4.npy,0.9969157940037298,"13884,0,0,0,0,0,0,0,0,0,48,0,0,0,5,5,0,0,0"
Defect_L4_B144_el3859_H4_W4.npy,0.9977047769330082,"13900,6,0,10,1,1,1,0,11,8,1,0,0,0,0,0,0,0,3"
Defect_L18_B80_el2135_H4_W4.npy,0.9973461483287906,"13897,1,0,1,0,0,0,0,2,0,18,0,0,0,2,1,0,8,12"
NoiseDefectFree_001203.npy,1.0,"13942,0,0,0,0,0,0,0,0,0,0,0,0,0,0,0,0,0,0"
Defect_L5_B49_el1159_H4_W4.npy,0.9984220341414431,"13910,0,0,0,10,2,0,0,14,6,0,0,0,0,0,0,0,0,0"
NoiseDefectFree_001971.npy,1.0,"13942,0,0,0,0,0,0,0,0,0,0,0,0,0,0,0,0,0,0"
NoiseDefectFree_004019.npy,1.0,"13942,0,0,0,0,0,0,0,0,0,0,0,0,0,0,0,0,0,0"
NoiseDefectFree_001249.npy,1.0,"13942,0,0,0,0,0,0,0,0,0,0,0,0,0,0,0,0,0,0"
NoiseDefectFree_002193.npy,1.0,"13942,0,0,0,0,0,0,0,0,0,0,0,0,0,0,0,0,0,0"
Defect_L18_B142_el3851_H4_W4.npy,0.9966288911203558,"13885,0,0,0,0,0,0,0,0,0,30,0,0,0,4,1,0,10,12"
NoiseDefectFree_001066.npy,1.0,"13942,0,0,0,0,0,0,0,0,0,0,0,0,0,0,0,0,0,0"
NoiseDefectFree_000601.npy,1.0,"13942,0,0,0,0,0,0,0,0,0,0,0,0,0,0,0,0,0,0"
NoiseDefectFree_004228.npy,1.0,"13942,0,0,0,0,0,0,0,0,0,0,0,0,0,0,0,0,0,0"
Defect_L14_B309_el4181_H2_W2.npy,0.9977765026538516,"13911,0,0,0,0,0,0,0,0,0,22,0,1,0,4,4,0,0,0"
NoiseDefectFree_000078.npy,1.0,"13942,0,0,0,0,0,0,0,0,0,0,0,0,0,0,0,0,0,0"
NoiseDefectFree_002899.npy,1.0,"13942,0,0,0,0,0,0,0,0,0,0,0,0,0,0,0,0,0,0"
Defect_L13_B439_el6187_H2_W2.npy,0.9989241141873476,"13927,0,0,0,0,0,0,0,0,0,8,0,0,0,1,6,0,0,0"
Defect_L2_B127_el3507_H4_W4.npy,0.9972744226079472,"13891,13,0,3,0,0,1,0,21,5,0,0,0,0,0,0,0,0,8"
Defect_L12_B428_el6165_H2_W2.npy,0.9989958399081911,"13928,0,0,0,0,0,0,0,0,0,9,0,0,0,2,3,0,0,0"
Defect_L9_B12_el137_H2_W2.npy,0.999282742791565,"13924,0,0,0,0,0,0,0,17,1,0,0,0,0,0,0,0,0,0"
Defect_L11_B265_el3511_H2_W2.npy,0.999282742791565,"13923,0,0,0,0,0,0,0,0,0,19,0,0,0,0,0,0,0,0"
NoiseDefectFree_001909.npy,1.0,"13942,0,0,0,0,0,0,0,0,0,0,0,0,0,0,0,0,0,0"
NoiseDefectFree_001605.npy,1.0,"13942,0,0,0,0,0,0,0,0,0,0,0,0,0,0,0,0,0,0"
NoiseDefectFree_001343.npy,1.0,"13942,0,0,0,0,0,0,0,0,0,0,0,0,0,0,0,0,0,0"
Defect_L12_B52_el2481_H8_W8.npy,0.9909625591737197,"13816,0,0,0,0,0,2,0,3,0,70,2,0,5,10,8,0,1,25"
NoiseDefectFree_002061.npy,1.0,"13942,0,0,0,0,0,0,0,0,0,0,0,0,0,0,0,0,0,0"
Defect_L10_B251_el3483_H2_W2.npy,0.9989241141873476,"13927,0,0,0,0,0,0,0,15,0,0,0,0,0,0,0,0,0,0"
NoiseDefectFree_002220.npy,1.0,"13942,0,0,0,0,0,0,0,0,0,0,0,0,0,0,0,0,0,0"
Defect_L5_B445_el6199_H2_W2.npy,0.9993544685124085,"13929,0,0,0,4,0,0,0,5,4,0,0,0,0,0,0,0,0,0"
NoiseDefectFree_000261.npy,1.0,"13942,0,0,0,0,0,0,0,0,0,0,0,0,0,0,0,0,0,0"
Defect_L8_B23_el159_H2_W2.npy,0.9989241141873476,"13927,0,0,0,2,1,0,0,11,1,0,0,0,0,0,0,0,0,0"
NoiseDefectFree_003745.npy,1.0,"13942,0,0,0,0,0,0,0,0,0,0,0,0,0,0,0,0,0,0"
Defect_L10_B81_el3839_H8_W8.npy,0.9878783531774494,"13748,0,0,1,3,24,9,0,28,39,80,0,0,0,4,5,0,1,0"
NoiseDefectFree_001918.npy,1.0,"13942,0,0,0,0,0,0,0,0,0,0,0,0,0,0,0,0,0,0"
Defect_L15_B48_el1155_H4_W4.npy,0.9979199540955387,"13910,0,0,0,0,1,4,0,0,4,15,0,0,0,3,5,0,0,0"
Defect_L7_B77_el1839_H4_W4.npy,0.9974895997704777,"13905,4,0,6,4,2,2,0,17,2,0,0,0,0,0,0,0,0,0"
NoiseDefectFree_000225.npy,1.0,"13942,0,0,0,0,0,0,0,0,0,0,0,0,0,0,0,0,0,0"
Defect_L12_B34_el465_H2_W2.npy,0.9989241141873476,"13927,0,0,0,1,2,0,0,0,3,7,0,0,0,2,0,0,0,0"
Defect_L10_B256_el3493_H2_W2.npy,0.9989958399081911,"13927,0,0,0,0,0,0,0,14,1,0,0,0,0,0,0,0,0,0"
NoiseDefectFree_004290.npy,1.0,"13942,0,0,0,0,0,0,0,0,0,0,0,0,0,0,0,0,0,0"
Defect_L6_B428_el6165_H2_W2.npy,0.9992110170707216,"13929,0,0,0,1,2,0,0,6,4,0,0,0,0,0,0,0,0,0"
Defect_L2_B56_el2509_H8_W8.npy,0.9917515421029981,"13799,28,0,13,6,5,20,0,44,19,8,0,0,0,0,0,0,0,0"
NoiseDefectFree_000006.npy,1.0,"13942,0,0,0,0,0,0,0,0,0,0,0,0,0,0,0,0,0,0"
Defect_L14_B445_el6199_H2_W2.npy,0.9989958399081911,"13928,0,0,0,0,0,0,0,0,0,5,0,0,0,2,6,0,1,0"
Defect_L13_B217_el6203_H4_W4.npy,0.9969875197245732,"13900,2,0,2,1,0,3,0,0,1,20,0,0,1,0,7,0,0,5"
Defect_L16_B78_el837_H2_W2.npy,0.9993544685124085,"13930,0,0,0,0,0,0,0,0,1,5,0,0,0,3,3,0,0,0"
NoiseDefectFree_003518.npy,1.0,"13942,0,0,0,0,0,0,0,0,0,0,0,0,0,0,0,0,0,0"
Defect_L7_B46_el1147_H4_W4.npy,0.9974178740496342,"13904,4,0,6,6,0,2,0,17,3,0,0,0,0,0,0,0,0,0"
Defect_L7_B263_el3507_H2_W2.npy,0.9984937598622866,"13920,1,0,2,3,1,1,0,14,0,0,0,0,0,0,0,0,0,0"
NoiseDefectFree_001734.npy,1.0,"13942,0,0,0,0,0,0,0,0,0,0,0,0,0,0,0,0,0,0"
Defect_L19_B207_el6163_H4_W4.npy,0.9973461483287906,"13897,9,0,2,0,0,0,0,3,2,16,0,0,0,2,1,0,2,8"
Defect_L10_B302_el4153_H2_W2.npy,0.9992110170707216,"13930,0,0,0,0,0,0,0,0,1,11,0,0,0,0,0,0,0,0"
Defect_L4_B42_el1131_H4_W4.npy,0.9979916798163821,"13908,15,0,6,1,0,0,0,11,1,0,0,0,0,0,0,0,0,0"
Defect_L15_B383_el5507_H2_W2.npy,0.9989958399081911,"13924,0,0,0,0,0,0,0,0,0,12,0,0,0,4,2,0,0,0"
Defect_L11_B96_el4819_H8_W8.npy,0.9950509252617988,"13806,0,0,0,0,0,0,0,0,0,134,0,0,0,2,0,0,0,0"
NoiseDefectFree_004633.npy,1.0,"13942,0,0,0,0,0,0,0,0,0,0,0,0,0,0,0,0,0,0"
NoiseDefectFree_000126.npy,1.0,"13942,0,0,0,0,0,0,0,0,0,0,0,0,0,0,0,0,0,0"
Defect_L17_B17_el463_H4_W4.npy,0.9974895997704777,"13907,15,0,2,0,0,1,0,5,3,4,0,0,0,1,1,0,3,0"
NoiseDefectFree_003087.npy,1.0,"13942,0,0,0,0,0,0,0,0,0,0,0,0,0,0,0,0,0,0"
NoiseDefectFree_003346.npy,1.0,"13942,0,0,0,0,0,0,0,0,0,0,0,0,0,0,0,0,0,0"
Defect_L9_B54_el1463_H4_W4.npy,0.9981351312580692,"13904,0,0,0,6,0,4,0,24,4,0,0,0,0,0,0,0,0,0"
Defect_L8_B18_el467_H4_W4.npy,0.9969875197245732,"13900,2,0,6,2,0,1,0,29,1,1,0,0,0,0,0,0,0,0"
Defect_L8_B200_el2501_H2_W2.npy,0.998852388466504,"13926,0,0,0,6,0,0,0,8,2,0,0,0,0,0,0,0,0,0"
Defect_L19_B173_el5159_H4_W4.npy,0.9962702625161383,"13883,0,0,0,0,0,0,0,0,0,35,0,3,0,2,3,0,9,7"
NoiseDefectFree_002798.npy,1.0,"13942,0,0,0,0,0,0,0,0,0,0,0,0,0,0,0,0,0,0"
NoiseDefectFree_000919.npy,1.0,"13942,0,0,0,0,0,0,0,0,0,0,0,0,0,0,0,0,0,0"
NoiseDefectFree_001647.npy,1.0,"13942,0,0,0,0,0,0,0,0,0,0,0,0,0,0,0,0,0,0"
Defect_L2_B105_el1459_H2_W2.npy,0.999569645674939,"13929,7,0,1,0,0,0,0,4,1,0,0,0,0,0,0,0,0,0"
NoiseDefectFree_004622.npy,1.0,"13942,0,0,0,0,0,0,0,0,0,0,0,0,0,0,0,0,0,0"
NoiseDefectFree_000365.npy,1.0,"13942,0,0,0,0,0,0,0,0,0,0,0,0,0,0,0,0,0,0"
Defect_L7_B162_el4531_H4_W4.npy,0.9977047769330082,"13911,0,0,0,0,0,0,0,0,0,29,0,0,0,2,0,0,0,0"
NoiseDefectFree_000056.npy,1.0,"13942,0,0,0,0,0,0,0,0,0,0,0,0,0,0,0,0,0,0"
NoiseDefectFree_000639.npy,1.0,"13942,0,0,0,0,0,0,0,0,0,0,0,0,0,0,0,0,0,0"
NoiseDefectFree_003645.npy,1.0,"13942,0,0,0,0,0,0,0,0,0,0,0,0,0,0,0,0,0,0"
NoiseDefectFree_004144.npy,1.0,"13942,0,0,0,0,0,0,0,0,0,0,0,0,0,0,0,0,0,0"
NoiseDefectFree_002879.npy,1.0,"13942,0,0,0,0,0,0,0,0,0,0,0,0,0,0,0,0,0,0"
Defect_L4_B82_el1129_H2_W2.npy,0.9991392913498781,"13927,4,0,3,1,0,0,0,6,1,0,0,0,0,0,0,0,0,0"
Defect_L3_B332_el4525_H2_W2.npy,0.9990675656290345,"13930,0,0,0,0,0,0,0,1,0,7,0,0,0,2,2,0,0,0"
NoiseDefectFree_003901.npy,1.0,"13942,0,0,0,0,0,0,0,0,0,0,0,0,0,0,0,0,0,0"
Defect_L2_B290_el3845_H2_W2.npy,0.9993544685124085,"13926,7,0,2,0,0,0,0,6,1,0,0,0,0,0,0,0,0,0"
Defect_L18_B70_el1811_H4_W4.npy,0.9977047769330082,"13901,2,0,1,0,0,0,0,2,0,14,0,0,0,1,2,0,9,10"
Defect_L11_B24_el161_H2_W2.npy,0.9994979199540955,"13930,0,0,0,0,0,0,0,1,5,6,0,0,0,0,0,0,0,0"
Defect_L8_B106_el2839_H4_W4.npy,0.9970592454454167,"13903,0,0,0,3,5,0,0,19,12,0,0,0,0,0,0,0,0,0"
NoiseDefectFree_000672.npy,1.0,"13942,0,0,0,0,0,0,0,0,0,0,0,0,0,0,0,0,0,0"
NoiseDefectFree_003267.npy,1.0,"13942,0,0,0,0,0,0,0,0,0,0,0,0,0,0,0,0,0,0"
NoiseDefectFree_001888.npy,1.0,"13942,0,0,0,0,0,0,0,0,0,0,0,0,0,0,0,0,0,0"
Defect_L2_B59_el2817_H8_W8.npy,0.992755702194807,"13851,0,0,7,4,5,2,0,49,24,0,0,0,0,0,0,0,0,0"
Defect_L6_B72_el3489_H8_W8.npy,0.9928274279156506,"13822,0,0,0,20,20,16,0,39,21,4,0,0,0,0,0,0,0,0"
Defect_L3_B23_el159_H2_W2.npy,0.9989958399081911,"13928,4,0,2,2,0,0,0,6,0,0,0,0,0,0,0,0,0,0"
NoiseDefectFree_001907.npy,1.0,"13942,0,0,0,0,0,0,0,0,0,0,0,0,0,0,0,0,0,0"
Defect_L3_B51_el1167_H4_W4.npy,0.9974178740496342,"13906,17,0,2,1,0,0,0,13,1,0,0,0,0,0,0,0,1,1"
Defect_L17_B78_el837_H2_W2.npy,0.9989241141873476,"13927,2,0,0,1,0,0,0,0,1,5,0,0,0,0,1,0,5,0"
NoiseDefectFree_004165.npy,1.0,"13942,0,0,0,0,0,0,0,0,0,0,0,0,0,0,0,0,0,0"
NoiseDefectFree_002833.npy,1.0,"13942,0,0,0,0,0,0,0,0,0,0,0,0,0,0,0,0,0,0"
NoiseDefectFree_000138.npy,1.0,"13942,0,0,0,0,0,0,0,0,0,0,0,0,0,0,0,0,0,0"
Defect_L15_B44_el2138_H8_W8.npy,0.9926839764739636,"13826,0,0,0,0,0,0,0,0,0,58,17,0,0,14,27,0,0,0"
NoiseDefectFree_003178.npy,1.0,"13942,0,0,0,0,0,0,0,0,0,0,0,0,0,0,0,0,0,0"
NoiseDefectFree_004855.npy,1.0,"13942,0,0,0,0,0,0,0,0,0,0,0,0,0,0,0,0,0,0"
NoiseDefectFree_004638.npy,1.0,"13942,0,0,0,0,0,0,0,0,0,0,0,0,0,0,0,0,0,0"
NoiseDefectFree_004262.npy,1.0,"13942,0,0,0,0,0,0,0,0,0,0,0,0,0,0,0,0,0,0"
NoiseDefectFree_001332.npy,1.0,"13942,0,0,0,0,0,0,0,0,0,0,0,0,0,0,0,0,0,0"
Defect_L17_B119_el5848_H8_W8.npy,0.9901735762444412,"13805,5,0,1,0,0,0,0,2,1,53,1,0,6,5,6,0,10,47"
Defect_L2_B420_el5865_H2_W2.npy,0.999569645674939,"13929,7,0,2,0,0,0,0,1,3,0,0,0,0,0,0,0,0,0"
Defect_L8_B154_el1841_H2_W2.npy,0.9989958399081911,"13928,0,0,0,3,0,0,0,10,1,0,0,0,0,0,0,0,0,0"
NoiseDefectFree_004674.npy,1.0,"13942,0,0,0,0,0,0,0,0,0,0,0,0,0,0,0,0,0,0"
NoiseDefectFree_001253.npy,1.0,"13942,0,0,0,0,0,0,0,0,0,0,0,0,0,0,0,0,0,0"
NoiseDefectFree_003375.npy,1.0,"13942,0,0,0,0,0,0,0,0,0,0,0,0,0,0,0,0,0,0"
NoiseDefectFree_002815.npy,1.0,"13942,0,0,0,0,0,0,0,0,0,0,0,0,0,0,0,0,0,0"
NoiseDefectFree_004720.npy,1.0,"13942,0,0,0,0,0,0,0,0,0,0,0,0,0,0,0,0,0,0"
Defect_L18_B442_el6193_H2_W2.npy,0.9994979199540955,"13929,3,0,0,1,0,0,0,0,0,3,0,0,0,0,0,0,6,0"
Defect_L17_B60_el801_H2_W2.npy,0.9989241141873476,"13927,4,0,0,0,0,0,0,0,1,5,0,0,0,0,1,0,4,0"
Defect_L13_B125_el1499_H2_W2.npy,0.998852388466504,"13926,0,0,0,0,0,0,0,0,0,10,0,0,0,3,3,0,0,0"
NoiseDefectFree_001078.npy,1.0,"13942,0,0,0,0,0,0,0,0,0,0,0,0,0,0,0,0,0,0"
NoiseDefectFree_003420.npy,1.0,"13942,0,0,0,0,0,0,0,0,0,0,0,0,0,0,0,0,0,0"
NoiseDefectFree_004545.npy,1.0,"13942,0,0,0,0,0,0,0,0,0,0,0,0,0,0,0,0,0,0"
Defect_L13_B316_el4195_H2_W2.npy,0.9985654855831301,"13922,0,0,0,0,0,0,0,0,0,15,0,0,0,5,0,0,0,0"
Defect_L13_B196_el2493_H2_W2.npy,0.9981351312580692,"13916,0,0,0,0,0,0,0,0,0,19,0,0,0,3,4,0,0,0"
NoiseDefectFree_000717.npy,1.0,"13942,0,0,0,0,0,0,0,0,0,0,0,0,0,0,0,0,0,0"
NoiseDefectFree_002049.npy,1.0,"13942,0,0,0,0,0,0,0,0,0,0,0,0,0,0,0,0,0,0"
Defect_L12_B323_el4493_H2_W2.npy,0.9989241141873476,"13927,0,0,0,0,0,0,0,0,0,15,0,0,0,0,0,0,0,0"
NoiseDefectFree_004179.npy,1.0,"13942,0,0,0,0,0,0,0,0,0,0,0,0,0,0,0,0,0,0"
Defect_L10_B370_el5197_H2_W2.npy,0.9989958399081911,"13928,0,0,0,0,0,0,0,0,0,14,0,0,0,0,0,0,0,0"
Defect_L3_B426_el5877_H2_W2.npy,0.9990675656290345,"13929,7,0,2,0,0,0,0,1,3,0,0,0,0,0,0,0,0,0"
NoiseDefectFree_001461.npy,1.0,"13942,0,0,0,0,0,0,0,0,0,0,0,0,0,0,0,0,0,0"
NoiseDefectFree_000385.npy,1.0,"13942,0,0,0,0,0,0,0,0,0,0,0,0,0,0,0,0,0,0"
Defect_L19_B132_el3811_H4_W4.npy,0.9954812795868598,"13866,4,0,0,0,0,0,0,3,0,49,0,0,0,2,1,0,4,13"
Defect_L16_B31_el1473_H8_W8.npy,0.9929708793573375,"13830,0,0,0,1,15,23,0,1,6,40,0,0,0,12,14,0,0,0"
Defect_L2_B301_el4151_H2_W2.npy,0.9992110170707216,"13928,3,0,1,1,0,1,0,3,2,1,0,0,0,0,0,0,2,0"
Defect_L12_B135_el1803_H2_W2.npy,0.9987089370248171,"13924,0,0,0,0,0,0,0,0,0,15,0,0,0,3,0,0,0,0"
Defect_L11_B205_el5871_H4_W4.npy,0.9981351312580692,"13901,0,0,0,0,0,0,0,0,0,31,0,0,0,5,5,0,0,0"
Defect_L6_B7_el127_H2_W2.npy,0.9989958399081911,"13928,0,0,0,3,0,0,0,10,1,0,0,0,0,0,0,0,0,0"
Defect_L19_B60_el1487_H4_W4.npy,0.9972026968871037,"13897,7,0,1,0,0,0,0,2,0,18,0,1,0,1,1,0,8,6"
NoiseDefectFree_000010.npy,1.0,"13942,0,0,0,0,0,0,0,0,0,0,0,0,0,0,0,0,0,0"
Defect_L4_B29_el455_H2_W2.npy,0.9992110170707216,"13928,4,0,3,1,0,0,0,6,0,0,0,0,0,0,0,0,0,0"
Defect_L18_B163_el2143_H2_W2.npy,0.9992110170707216,"13926,3,0,0,0,0,0,0,0,0,7,0,1,0,0,0,0,5,0"
Defect_L5_B199_el2499_H2_W2.npy,0.999282742791565,"13927,0,0,1,5,0,0,0,7,2,0,0,0,0,0,0,0,0,0"
Defect_L3_B155_el1843_H2_W2.npy,0.9989958399081911,"13928,5,0,3,0,0,0,0,6,0,0,0,0,0,0,0,0,0,0"
Defect_L4_B373_el5203_H2_W2.npy,0.9989958399081911,"13928,0,0,0,0,0,0,0,0,0,6,0,0,0,0,7,0,1,0"
NoiseDefectFree_004836.npy,1.0,"13942,0,0,0,0,0,0,0,0,0,0,0,0,0,0,0,0,0,0"
NoiseDefectFree_004965.npy,1.0,"13942,0,0,0,0,0,0,0,0,0,0,0,0,0,0,0,0,0,0"
NoiseDefectFree_000540.npy,1.0,"13942,0,0,0,0,0,0,0,0,0,0,0,0,0,0,0,0,0,0"
NoiseDefectFree_002746.npy,1.0,"13942,0,0,0,0,0,0,0,0,0,0,0,0,0,0,0,0,0,0"
NoiseDefectFree_003720.npy,1.0,"13942,0,0,0,0,0,0,0,0,0,0,0,0,0,0,0,0,0,0"
Defect_L8_B47_el2159_H8_W8.npy,0.9901735762444412,"13805,27,0,12,6,2,12,0,68,10,0,0,0,0,0,0,0,0,0"
NoiseDefectFree_000668.npy,1.0,"13942,0,0,0,0,0,0,0,0,0,0,0,0,0,0,0,0,0,0"
Defect_L7_B136_el1805_H2_W2.npy,0.9989958399081911,"13928,0,0,1,5,1,0,0,4,3,0,0,0,0,0,0,0,0,0"
Defect_L19_B128_el3511_H4_W4.npy,0.9961985367952948,"13876,4,0,1,0,0,0,0,1,0,37,0,1,0,2,1,0,5,14"
NoiseDefectFree_001354.npy,1.0,"13942,0,0,0,0,0,0,0,0,0,0,0,0,0,0,0,0,0,0"
Defect_L10_B186_el5511_H4_W4.npy,0.9972026968871037,"13898,0,0,0,0,2,0,0,0,8,25,0,0,0,1,8,0,0,0"
NoiseDefectFree_003331.npy,1.0,"13942,0,0,0,0,0,0,0,0,0,0,0,0,0,0,0,0,0,0"
Defect_L11_B4_el136_H8_W8.npy,0.9921818964280591,"13828,0,0,0,12,10,4,0,32,40,16,0,0,0,0,0,0,0,0"
Defect_L8_B129_el6205_H8_W8.npy,0.9908908334528762,"13815,15,0,16,12,5,12,0,49,18,0,0,0,0,0,0,0,0,0"
NoiseDefectFree_004176.npy,1.0,"13942,0,0,0,0,0,0,0,0,0,0,0,0,0,0,0,0,0,0"
NoiseDefectFree_004911.npy,1.0,"13942,0,0,0,0,0,0,0,0,0,0,0,0,0,0,0,0,0,0"
Defect_L3_B298_el3861_H2_W2.npy,0.9989241141873476,"13927,5,0,3,0,0,1,0,4,2,0,0,0,0,0,0,0,0,0"
NoiseDefectFree_000134.npy,1.0,"13942,0,0,0,0,0,0,0,0,0,0,0,0,0,0,0,0,0,0"
Defect_L3_B123_el3491_H4_W4.npy,0.9969875197245732,"13900,10,0,6,0,0,0,0,19,0,0,0,0,0,0,0,0,0,7"
NoiseDefectFree_000824.npy,1.0,"13942,0,0,0,0,0,0,0,0,0,0,0,0,0,0,0,0,0,0"
NoiseDefectFree_001532.npy,1.0,"13942,0,0,0,0,0,0,0,0,0,0,0,0,0,0,0,0,0,0"
NoiseDefectFree_001215.npy,1.0,"13942,0,0,0,0,0,0,0,0,0,0,0,0,0,0,0,0,0,0"
Defect_L3_B352_el4863_H2_W2.npy,0.9990675656290345,"13929,0,0,0,0,0,0,0,0,0,10,0,0,0,1,2,0,0,0"
Defect_L2_B401_el5827_H2_W2.npy,0.9994979199540955,"13929,6,0,2,0,0,1,0,2,2,0,0,0,0,0,0,0,0,0"
Defect_L3_B436_el6181_H2_W2.npy,0.9990675656290345,"13929,5,0,4,0,0,0,0,3,1,0,0,0,0,0,0,0,0,0"
NoiseDefectFree_004749.npy,1.0,"13942,0,0,0,0,0,0,0,0,0,0,0,0,0,0,0,0,0,0"
NoiseDefectFree_004269.npy,1.0,"13942,0,0,0,0,0,0,0,0,0,0,0,0,0,0,0,0,0,0"
NoiseDefectFree_004187.npy,1.0,"13942,0,0,0,0,0,0,0,0,0,0,0,0,0,0,0,0,0,0"
NoiseDefectFree_001811.npy,1.0,"13942,0,0,0,0,0,0,0,0,0,0,0,0,0,0,0,0,0,0"
Defect_L13_B102_el2807_H4_W4.npy,0.9968440682828863,"13898,0,0,0,0,0,0,0,0,0,33,0,0,0,4,7,0,0,0"
Defect_L16_B76_el3517_H8_W8.npy,0.993042605078181,"13801,0,0,3,0,0,1,0,0,0,72,0,0,0,20,44,0,0,1"
NoiseDefectFree_001325.npy,1.0,"13942,0,0,0,0,0,0,0,0,0,0,0,0,0,0,0,0,0,0"
NoiseDefectFree_004313.npy,1.0,"13942,0,0,0,0,0,0,0,0,0,0,0,0,0,0,0,0,0,0"
Defect_L18_B147_el4155_H4_W4.npy,0.9948357480992684,"13868,0,0,0,0,0,0,0,0,0,53,1,0,5,6,3,0,3,3"
Defect_L15_B194_el2489_H2_W2.npy,0.9992110170707216,"13927,0,0,0,0,0,0,0,0,0,8,0,0,0,4,3,0,0,0"
Defect_L5_B21_el829_H8_W8.npy,0.994333668053364,"13846,0,0,0,17,24,4,0,25,26,0,0,0,0,0,0,0,0,0"
Defect_L2_B56_el793_H2_W2.npy,0.9994261942332521,"13928,6,0,2,0,0,0,0,5,1,0,0,0,0,0,0,0,0,0"
NoiseDefectFree_001541.npy,1.0,"13942,0,0,0,0,0,0,0,0,0,0,0,0,0,0,0,0,0,0"
Defect_L2_B174_el5163_H4_W4.npy,0.9979199540955387,"13905,8,0,2,0,0,1,0,1,0,12,0,0,1,0,3,0,1,8"
Defect_L11_B200_el2501_H2_W2.npy,0.999569645674939,"13927,0,0,0,0,0,0,0,0,0,15,0,0,0,0,0,0,0,0"
Defect_L6_B141_el1815_H2_W2.npy,0.9991392913498781,"13929,0,0,0,2,1,0,0,9,1,0,0,0,0,0,0,0,0,0"
NoiseDefectFree_001192.npy,1.0,"13942,0,0,0,0,0,0,0,0,0,0,0,0,0,0,0,0,0,0"
Defect_L5_B149_H8_W4.npy,0.9967006168411993,"13888,0,0,0,8,7,11,0,2,5,8,0,0,0,2,11,0,0,0"
NoiseDefectFree_001543.npy,1.0,"13942,0,0,0,0,0,0,0,0,0,0,0,0,0,0,0,0,0,0"
Defect_L11_B273_el3811_H2_W2.npy,0.999282742791565,"13923,0,0,0,0,0,0,0,0,0,19,0,0,0,0,0,0,0,0"
NoiseDefectFree_002540.npy,1.0,"13942,0,0,0,0,0,0,0,0,0,0,0,0,0,0,0,0,0,0"
NoiseDefectFree_000954.npy,1.0,"13942,0,0,0,0,0,0,0,0,0,0,0,0,0,0,0,0,0,0"
Defect_L17_B202_el2505_H2_W2.npy,0.9986372113039736,"13923,1,0,0,0,0,0,0,0,0,10,0,1,0,0,0,0,7,0"
Defect_L17_B234_el3151_H2_W2.npy,0.9986372113039736,"13923,0,0,0,0,0,0,0,0,0,11,0,0,0,1,4,0,3,0"
Defect_L16_B99_el4847_H8_W8.npy,0.9938315880074595,"13862,0,0,0,0,0,0,0,1,0,61,2,1,2,8,4,0,1,0"
Defect_L3_B57_el1475_H4_W4.npy,0.9972744226079472,"13904,18,0,3,2,0,0,0,12,2,0,0,0,0,0,0,0,1,0"
Defect_L8_B90_el2175_H4_W4.npy,0.9971309711662603,"13902,1,0,6,3,3,2,0,23,2,0,0,0,0,0,0,0,0,0"
Defect_L4_B278_el3821_H2_W2.npy,0.9989958399081911,"13925,5,0,3,0,0,1,0,6,2,0,0,0,0,0,0,0,0,0"
NoiseDefectFree_002157.npy,1.0,"13942,0,0,0,0,0,0,0,0,0,0,0,0,0,0,0,0,0,0"
NoiseDefectFree_001063.npy,1.0,"13942,0,0,0,0,0,0,0,0,0,0,0,0,0,0,0,0,0,0"
NoiseDefectFree_003637.npy,1.0,"13942,0,0,0,0,0,0,0,0,0,0,0,0,0,0,0,0,0,0"
Defect_L13_B98_el2507_H4_W4.npy,0.9962702625161383,"13890,0,0,0,0,0,0,0,2,0,31,1,0,4,6,3,0,0,5"
Defect_L6_B7_el139_H4_W4.npy,0.9974178740496342,"13905,0,0,0,7,1,0,0,28,1,0,0,0,0,0,0,0,0,0"
Defect_L10_B80_el2135_H4_W4.npy,0.9983503084205996,"13909,0,0,0,0,4,0,0,19,10,0,0,0,0,0,0,0,0,0"
Defect_L10_B123_el6163_H8_W8.npy,0.9953378281451729,"13836,0,0,0,0,12,0,0,34,60,0,0,0,0,0,0,0,0,0"
Defect_L8_B125_el6177_H8_W8.npy,0.9920384449863721,"13831,16,0,17,11,4,10,0,38,15,0,0,0,0,0,0,0,0,0"
NoiseDefectFree_004947.npy,1.0,"13942,0,0,0,0,0,0,0,0,0,0,0,0,0,0,0,0,0,0"
NoiseDefectFree_000718.npy,1.0,"13942,0,0,0,0,0,0,0,0,0,0,0,0,0,0,0,0,0,0"
Defect_L13_B2_el122_H8_W8.npy,0.9911777363362502,"13819,31,0,13,4,1,11,0,27,18,13,0,0,0,1,4,0,0,0"
Defect_L15_B450_el6209_H2_W2.npy,0.9992110170707216,"13929,0,0,0,0,0,0,0,0,0,7,0,0,0,2,4,0,0,0"
NoiseDefectFree_004493.npy,1.0,"13942,0,0,0,0,0,0,0,0,0,0,0,0,0,0,0,0,0,0"
NoiseDefectFree_001366.npy,1.0,"13942,0,0,0,0,0,0,0,0,0,0,0,0,0,0,0,0,0,0"
NoiseDefectFree_004969.npy,1.0,"13942,0,0,0,0,0,0,0,0,0,0,0,0,0,0,0,0,0,0"
NoiseDefectFree_002915.npy,1.0,"13942,0,0,0,0,0,0,0,0,0,0,0,0,0,0,0,0,0,0"
NoiseDefectFree_003441.npy,1.0,"13942,0,0,0,0,0,0,0,0,0,0,0,0,0,0,0,0,0,0"
Defect_L3_B173_el5159_H4_W4.npy,0.9973461483287906,"13905,7,0,2,0,0,0,0,2,0,12,0,0,1,1,2,0,2,8"
Defect_L7_B260_el3501_H2_W2.npy,0.9984220341414431,"13919,1,0,2,3,1,1,0,15,0,0,0,0,0,0,0,0,0,0"
NoiseDefectFree_001572.npy,1.0,"13942,0,0,0,0,0,0,0,0,0,0,0,0,0,0,0,0,0,0"
NoiseDefectFree_001123.npy,1.0,"13942,0,0,0,0,0,0,0,0,0,0,0,0,0,0,0,0,0,0"
NoiseDefectFree_002787.npy,1.0,"13942,0,0,0,0,0,0,0,0,0,0,0,0,0,0,0,0,0,0"
NoiseDefectFree_002505.npy,1.0,"13942,0,0,0,0,0,0,0,0,0,0,0,0,0,0,0,0,0,0"
Defect_L9_B64_el3146_H8_W8.npy,0.9923970735905896,"13811,0,0,0,8,15,21,0,65,22,0,0,0,0,0,0,0,0,0"
Defect_L17_B102_el2807_H4_W4.npy,0.9972026968871037,"13903,0,0,0,0,0,0,0,0,0,18,2,1,3,7,7,0,1,0"
NoiseDefectFree_000729.npy,1.0,"13942,0,0,0,0,0,0,0,0,0,0,0,0,0,0,0,0,0,0"
Defect_L9_B4_el127_H4_W4.npy,0.9973461483287906,"13891,1,0,5,2,0,3,0,39,0,1,0,0,0,0,0,0,0,0"
NoiseDefectFree_003268.npy,1.0,"13942,0,0,0,0,0,0,0,0,0,0,0,0,0,0,0,0,0,0"
NoiseDefectFree_000418.npy,1.0,"13942,0,0,0,0,0,0,0,0,0,0,0,0,0,0,0,0,0,0"
Defect_L6_B47_el1151_H4_W4.npy,0.9979199540955387,"13910,0,0,0,8,3,0,0,15,6,0,0,0,0,0,0,0,0,0"
NoiseDefectFree_002083.npy,1.0,"13942,0,0,0,0,0,0,0,0,0,0,0,0,0,0,0,0,0,0"
Defect_L2_B85_el4154_H8_W8.npy,0.9899583990819107,"13799,5,0,4,1,5,11,0,13,16,64,0,0,1,6,14,0,0,3"
NoiseDefectFree_004108.npy,1.0,"13942,0,0,0,0,0,0,0,0,0,0,0,0,0,0,0,0,0,0"
Defect_L16_B81_el3839_H8_W8.npy,0.9921818964280591,"13822,0,0,1,0,0,0,0,0,0,45,20,0,11,20,12,0,10,1"
Defect_L15_B15_el455_H4_W4.npy,0.9979199540955387,"13910,0,0,0,5,2,4,0,4,6,7,0,0,0,3,1,0,0,0"
Defect_L3_B99_el4847_H8_W8.npy,0.9950509252617988,"13879,5,0,1,0,0,0,0,6,0,33,0,0,1,1,5,0,2,9"
NoiseDefectFree_002739.npy,1.0,"13942,0,0,0,0,0,0,0,0,0,0,0,0,0,0,0,0,0,0"
NoiseDefectFree_001688.npy,1.0,"13942,0,0,0,0,0,0,0,0,0,0,0,0,0,0,0,0,0,0"
NoiseDefectFree_000852.npy,1.0,"13942,0,0,0,0,0,0,0,0,0,0,0,0,0,0,0,0,0,0"
Defect_L4_B204_el2509_H2_W2.npy,0.9991392913498781,"13926,3,0,4,1,0,0,0,7,1,0,0,0,0,0,0,0,0,0"
Defect_L7_B175_el5167_H4_W4.npy,0.9971309711662603,"13901,1,0,1,0,0,2,0,1,0,20,0,0,2,0,6,0,4,4"
Defect_L4_B286_el3837_H2_W2.npy,0.9989958399081911,"13925,6,0,3,0,0,0,0,6,2,0,0,0,0,0,0,0,0,0"
NoiseDefectFree_002490.npy,1.0,"13942,0,0,0,0,0,0,0,0,0,0,0,0,0,0,0,0,0,0"
NoiseDefectFree_002850.npy,1.0,"13942,0,0,0,0,0,0,0,0,0,0,0,0,0,0,0,0,0,0"
Defect_L14_B20_el822_H8_W8.npy,0.9915363649404677,"13824,21,0,20,1,3,11,0,13,6,31,0,0,0,7,5,0,0,0"
Defect_L18_B308_el4179_H2_W2.npy,0.9991392913498781,"13922,0,0,0,0,0,0,0,0,0,9,0,0,0,1,0,0,8,2"
Defect_L17_B23_el487_H4_W4.npy,0.9974895997704777,"13907,14,0,3,1,0,0,0,4,3,5,0,0,0,1,1,0,3,0"
Defect_L18_B213_el6187_H4_W4.npy,0.9975613254913211,"13903,5,0,2,0,0,0,0,2,0,12,0,0,0,1,2,0,5,10"
Defect_L5_B121_el3483_H4_W4.npy,0.9981351312580692,"13908,0,0,0,8,4,0,0,16,6,0,0,0,0,0,0,0,0,0"
NoiseDefectFree_002745.npy,1.0,"13942,0,0,0,0,0,0,0,0,0,0,0,0,0,0,0,0,0,0"
Defect_L6_B436_el6181_H2_W2.npy,0.9991392913498781,"13929,0,0,0,2,1,0,0,6,4,0,0,0,0,0,0,0,0,0"
NoiseDefectFree_003507.npy,1.0,"13942,0,0,0,0,0,0,0,0,0,0,0,0,0,0,0,0,0,0"
NoiseDefectFree_001680.npy,1.0,"13942,0,0,0,0,0,0,0,0,0,0,0,0,0,0,0,0,0,0"
NoiseDefectFree_004250.npy,1.0,"13942,0,0,0,0,0,0,0,0,0,0,0,0,0,0,0,0,0,0"
NoiseDefectFree_003148.npy,1.0,"13942,0,0,0,0,0,0,0,0,0,0,0,0,0,0,0,0,0,0"
Defect_L5_B403_el5831_H2_W2.npy,0.999569645674939,"13929,0,0,0,7,0,0,0,2,4,0,0,0,0,0,0,0,0,0"
Defect_L8_B150_el4183_H4_W4.npy,0.9961268110744513,"13889,0,0,1,1,0,1,0,5,4,28,0,0,0,1,12,0,0,0"
NoiseDefectFree_000581.npy,1.0,"13942,0,0,0,0,0,0,0,0,0,0,0,0,0,0,0,0,0,0"
NoiseDefectFree_004071.npy,1.0,"13942,0,0,0,0,0,0,0,0,0,0,0,0,0,0,0,0,0,0"
Defect_L4_B255_el3491_H2_W2.npy,0.9989241141873476,"13924,5,0,3,0,0,0,0,10,0,0,0,0,0,0,0,0,0,0"
NoiseDefectFree_003673.npy,1.0,"13942,0,0,0,0,0,0,0,0,0,0,0,0,0,0,0,0,0,0"
NoiseDefectFree_000560.npy,1.0,"13942,0,0,0,0,0,0,0,0,0,0,0,0,0,0,0,0,0,0"
NoiseDefectFree_000513.npy,1.0,"13942,0,0,0,0,0,0,0,0,0,0,0,0,0,0,0,0,0,0"
NoiseDefectFree_001082.npy,1.0,"13942,0,0,0,0,0,0,0,0,0,0,0,0,0,0,0,0,0,0"
NoiseDefectFree_001665.npy,1.0,"13942,0,0,0,0,0,0,0,0,0,0,0,0,0,0,0,0,0,0"
NoiseDefectFree_001151.npy,1.0,"13942,0,0,0,0,0,0,0,0,0,0,0,0,0,0,0,0,0,0"
NoiseDefectFree_002839.npy,1.0,"13942,0,0,0,0,0,0,0,0,0,0,0,0,0,0,0,0,0,0"
Defect_L12_B128_el6198_H8_W8.npy,0.9914646392196241,"13822,0,0,5,4,3,11,0,5,17,32,1,0,5,3,17,0,0,17"
Defect_L13_B177_el2171_H2_W2.npy,0.9987089370248171,"13924,0,0,0,0,0,0,0,0,0,11,0,0,0,4,3,0,0,0"
Defect_L16_B429_el6167_H2_W2.npy,0.9994261942332521,"13929,0,0,0,0,0,0,0,0,0,6,0,0,0,2,5,0,0,0"
Defect_L5_B123_el1495_H2_W2.npy,0.999282742791565,"13929,0,0,0,3,0,0,0,8,2,0,0,0,0,0,0,0,0,0"
Defect_L16_B147_el1827_H2_W2.npy,0.9990675656290345,"13926,0,0,0,0,0,0,0,0,0,10,0,0,0,3,3,0,0,0"
NoiseDefectFree_004753.npy,1.0,"13942,0,0,0,0,0,0,0,0,0,0,0,0,0,0,0,0,0,0"
Defect_L10_B385_el5511_H2_W2.npy,0.9989241141873476,"13925,0,0,1,0,0,0,0,0,3,10,0,0,0,1,1,0,1,0"
Defect_L11_B22_el483_H4_W4.npy,0.9981351312580692,"13908,0,0,0,0,6,0,0,0,12,16,0,0,0,0,0,0,0,0"
Defect_L8_B97_el1159_H2_W2.npy,0.9989958399081911,"13928,0,0,0,3,0,0,0,9,2,0,0,0,0,0,0,0,0,0"
NoiseDefectFree_004143.npy,1.0,"13942,0,0,0,0,0,0,0,0,0,0,0,0,0,0,0,0,0,0"
Defect_L18_B422_el5869_H2_W2.npy,0.999282742791565,"13925,0,0,0,0,0,0,0,0,0,7,0,1,0,1,0,0,7,1"
Defect_L13_B144_el1821_H2_W2.npy,0.9987089370248171,"13924,0,0,0,0,0,0,0,0,0,13,0,0,0,2,3,0,0,0"
NoiseDefectFree_000877.npy,1.0,"13942,0,0,0,0,0,0,0,0,0,0,0,0,0,0,0,0,0,0"
NoiseDefectFree_004870.npy,1.0,"13942,0,0,0,0,0,0,0,0,0,0,0,0,0,0,0,0,0,0"
NoiseDefectFree_003052.npy,1.0,"13942,0,0,0,0,0,0,0,0,0,0,0,0,0,0,0,0,0,0"
Defect_L7_B330_el4521_H2_W2.npy,0.9992110170707216,"13934,0,0,0,0,0,0,0,0,0,8,0,0,0,0,0,0,0,0"
NoiseDefectFree_003855.npy,1.0,"13942,0,0,0,0,0,0,0,0,0,0,0,0,0,0,0,0,0,0"
Defect_L7_B218_el2835_H2_W2.npy,0.9984937598622866,"13922,0,0,0,0,0,0,0,15,5,0,0,0,0,0,0,0,0,0"
NoiseDefectFree_003770.npy,1.0,"13942,0,0,0,0,0,0,0,0,0,0,0,0,0,0,0,0,0,0"
NoiseDefectFree_004147.npy,1.0,"13942,0,0,0,0,0,0,0,0,0,0,0,0,0,0,0,0,0,0"
NoiseDefectFree_000854.npy,1.0,"13942,0,0,0,0,0,0,0,0,0,0,0,0,0,0,0,0,0,0"
Defect_L10_B39_el1816_H8_W8.npy,0.9941184908908335,"13826,0,0,0,4,23,0,0,51,38,0,0,0,0,0,0,0,0,0"
Defect_L8_B136_el3827_H4_W4.npy,0.9961985367952948,"13889,2,0,4,7,0,4,0,10,15,7,0,0,0,0,0,0,0,4"
Defect_L2_B88_el1141_H2_W2.npy,0.9994979199540955,"13928,7,0,1,0,0,0,0,5,1,0,0,0,0,0,0,0,0,0"
NoiseDefectFree_004496.npy,1.0,"13942,0,0,0,0,0,0,0,0,0,0,0,0,0,0,0,0,0,0"
Defect_L6_B433_el6175_H2_W2.npy,0.9991392913498781,"13929,0,0,0,2,1,0,0,6,4,0,0,0,0,0,0,0,0,0"
NoiseDefectFree_002369.npy,1.0,"13942,0,0,0,0,0,0,0,0,0,0,0,0,0,0,0,0,0,0"
NoiseDefectFree_004781.npy,1.0,"13942,0,0,0,0,0,0,0,0,0,0,0,0,0,0,0,0,0,0"
NoiseDefectFree_002951.npy,1.0,"13942,0,0,0,0,0,0,0,0,0,0,0,0,0,0,0,0,0,0"
Defect_L19_B11_el472_H8_W8.npy,0.9913929134987807,"13816,44,0,12,1,4,6,0,10,15,21,0,0,0,0,1,0,6,6"
Defect_L5_B126_el3503_H4_W4.npy,0.9979916798163821,"13908,0,0,4,6,3,5,0,13,3,0,0,0,0,0,0,0,0,0"
Defect_L6_B80_el3832_H8_W8.npy,0.993903313728303,"13843,0,0,3,6,16,30,0,12,16,15,0,0,0,0,1,0,0,0"
NoiseDefectFree_001842.npy,1.0,"13942,0,0,0,0,0,0,0,0,0,0,0,0,0,0,0,0,0,0"
Defect_L6_B114_el1477_H2_W2.npy,0.9991392913498781,"13929,0,0,0,2,1,0,0,7,3,0,0,0,0,0,0,0,0,0"
Defect_L9_B166_el2149_H2_W2.npy,0.999282742791565,"13927,0,0,0,0,1,0,0,11,3,0,0,0,0,0,0,0,0,0"
NoiseDefectFree_000785.npy,1.0,"13942,0,0,0,0,0,0,0,0,0,0,0,0,0,0,0,0,0,0"
NoiseDefectFree_001410.npy,1.0,"13942,0,0,0,0,0,0,0,0,0,0,0,0,0,0,0,0,0,0"
Defect_L13_B100_el2515_H4_W4.npy,0.9958399081910774,"13884,0,0,0,0,0,0,0,1,0,37,2,0,3,8,3,0,0,4"
Defect_L17_B125_el6177_H8_W8.npy,0.9916080906613112,"13825,12,0,8,0,0,4,0,5,7,27,0,0,5,1,6,0,2,40"
NoiseDefectFree_003864.npy,1.0,"13942,0,0,0,0,0,0,0,0,0,0,0,0,0,0,0,0,0,0"
NoiseDefectFree_002734.npy,1.0,"13942,0,0,0,0,0,0,0,0,0,0,0,0,0,0,0,0,0,0"
Defect_L4_B227_el2853_H2_W2.npy,0.9992110170707216,"13928,1,0,3,2,1,1,0,5,1,0,0,0,0,0,0,0,0,0"
Defect_L18_B219_el2837_H2_W2.npy,0.9987089370248171,"13922,0,0,0,0,0,0,0,0,0,13,0,0,0,0,3,0,3,1"
NoiseDefectFree_000981.npy,1.0,"13942,0,0,0,0,0,0,0,0,0,0,0,0,0,0,0,0,0,0"
NoiseDefectFree_000191.npy,1.0,"13942,0,0,0,0,0,0,0,0,0,0,0,0,0,0,0,0,0,0"
NoiseDefectFree_000607.npy,1.0,"13942,0,0,0,0,0,0,0,0,0,0,0,0,0,0,0,0,0,0"
Defect_L6_B12_el479_H8_W8.npy,0.993759862286616,"13845,0,0,0,31,10,0,0,36,20,0,0,0,0,0,0,0,0,0"
NoiseDefectFree_003445.npy,1.0,"13942,0,0,0,0,0,0,0,0,0,0,0,0,0,0,0,0,0,0"
NoiseDefectFree_001070.npy,1.0,"13942,0,0,0,0,0,0,0,0,0,0,0,0,0,0,0,0,0,0"
NoiseDefectFree_002206.npy,1.0,"13942,0,0,0,0,0,0,0,0,0,0,0,0,0,0,0,0,0,0"
Defect_L6_B91_el4490_H8_W8.npy,0.9926122507531201,"13853,0,0,0,0,0,0,0,0,0,89,0,0,0,0,0,0,0,0"
Defect_L11_B185_el5507_H4_W4.npy,0.9964854396786688,"13879,0,0,0,0,0,0,0,0,0,52,0,0,0,9,2,0,0,0"
Defect_L10_B248_el3477_H2_W2.npy,0.9989958399081911,"13928,0,0,0,0,0,0,0,14,0,0,0,0,0,0,0,0,0,0"
Defect_L2_B181_el2179_H2_W2.npy,0.999282742791565,"13927,5,0,3,0,0,0,0,7,0,0,0,0,0,0,0,0,0,0"
Defect_L4_B399_el5539_H2_W2.npy,0.9990675656290345,"13928,3,0,1,1,0,0,0,0,1,4,0,0,0,0,0,0,4,0"
NoiseDefectFree_001046.npy,1.0,"13942,0,0,0,0,0,0,0,0,0,0,0,0,0,0,0,0,0,0"
NoiseDefectFree_003447.npy,1.0,"13942,0,0,0,0,0,0,0,0,0,0,0,0,0,0,0,0,0,0"
Defect_L12_B180_el5203_H4_W4.npy,0.9954095538660164,"13878,0,0,0,0,0,0,0,0,0,53,0,0,0,9,2,0,0,0"
Defect_L6_B391_el5523_H2_W2.npy,0.9990675656290345,"13929,0,0,0,1,0,0,0,0,1,4,0,0,0,1,6,0,0,0"
NoiseDefectFree_004736.npy,1.0,"13942,0,0,0,0,0,0,0,0,0,0,0,0,0,0,0,0,0,0"
NoiseDefectFree_001219.npy,1.0,"13942,0,0,0,0,0,0,0,0,0,0,0,0,0,0,0,0,0,0"
Defect_L13_B118_el1485_H2_W2.npy,0.9987806627456606,"13925,0,0,0,0,0,0,0,0,0,11,0,0,0,3,3,0,0,0"
NoiseDefectFree_003988.npy,1.0,"13942,0,0,0,0,0,0,0,0,0,0,0,0,0,0,0,0,0,0"
Defect_L5_B86_el4161_H8_W8.npy,0.9925405250322765,"13854,0,0,0,1,3,10,0,8,13,44,0,0,0,2,5,0,2,0"
Defect_L16_B180_el5203_H4_W4.npy,0.9968440682828863,"13898,0,0,0,0,0,0,0,0,0,35,0,0,0,9,0,0,0,0"
NoiseDefectFree_002870.npy,1.0,"13942,0,0,0,0,0,0,0,0,0,0,0,0,0,0,0,0,0,0"
NoiseDefectFree_004434.npy,1.0,"13942,0,0,0,0,0,0,0,0,0,0,0,0,0,0,0,0,0,0"
NoiseDefectFree_004974.npy,1.0,"13942,0,0,0,0,0,0,0,0,0,0,0,0,0,0,0,0,0,0"
NoiseDefectFree_000099.npy,1.0,"13942,0,0,0,0,0,0,0,0,0,0,0,0,0,0,0,0,0,0"
NoiseDefectFree_002558.npy,1.0,"13942,0,0,0,0,0,0,0,0,0,0,0,0,0,0,0,0,0,0"
NoiseDefectFree_004200.npy,1.0,"13942,0,0,0,0,0,0,0,0,0,0,0,0,0,0,0,0,0,0"
Defect_L17_B24_el1137_H8_W8.npy,0.9910342848945632,"13817,40,0,8,0,2,6,0,7,0,39,0,0,2,2,3,0,10,6"
NoiseDefectFree_001649.npy,1.0,"13942,0,0,0,0,0,0,0,0,0,0,0,0,0,0,0,0,0,0"
Defect_L4_B14_el493_H8_W8.npy,0.9933295079615551,"13822,21,0,27,5,0,10,0,45,3,2,0,0,0,0,0,0,0,7"
NoiseDefectFree_004500.npy,1.0,"13942,0,0,0,0,0,0,0,0,0,0,0,0,0,0,0,0,0,0"
NoiseDefectFree_001155.npy,1.0,"13942,0,0,0,0,0,0,0,0,0,0,0,0,0,0,0,0,0,0"
NoiseDefectFree_002050.npy,1.0,"13942,0,0,0,0,0,0,0,0,0,0,0,0,0,0,0,0,0,0"
Defect_L4_B53_el787_H2_W2.npy,0.9990675656290345,"13926,4,0,3,1,0,0,0,6,1,1,0,0,0,0,0,0,0,0"
NoiseDefectFree_004062.npy,1.0,"13942,0,0,0,0,0,0,0,0,0,0,0,0,0,0,0,0,0,0"
Defect_L17_B398_el5537_H2_W2.npy,0.9986372113039736,"13923,0,0,0,0,0,0,0,0,0,10,0,0,0,1,2,0,6,0"
Defect_L13_B216_el2817_H2_W2.npy,0.9986372113039736,"13923,0,0,0,0,0,0,0,0,0,19,0,0,0,0,0,0,0,0"
Defect_L12_B2_el117_H2_W2.npy,0.9989241141873476,"13927,0,0,0,4,2,0,0,2,4,3,0,0,0,0,0,0,0,0"
NoiseDefectFree_001803.npy,1.0,"13942,0,0,0,0,0,0,0,0,0,0,0,0,0,0,0,0,0,0"
NoiseDefectFree_001960.npy,1.0,"13942,0,0,0,0,0,0,0,0,0,0,0,0,0,0,0,0,0,0"
NoiseDefectFree_002977.npy,1.0,"13942,0,0,0,0,0,0,0,0,0,0,0,0,0,0,0,0,0,0"
Defect_L5_B149_el4179_H4_W4.npy,0.9964854396786688,"13894,0,0,3,3,0,0,0,3,2,28,0,0,0,1,7,0,1,0"
Defect_L10_B2_el122_H8_W8.npy,0.993186056519868,"13826,0,0,0,16,5,3,0,62,30,0,0,0,0,0,0,0,0,0"
NoiseDefectFree_001987.npy,1.0,"13942,0,0,0,0,0,0,0,0,0,0,0,0,0,0,0,0,0,0"
Defect_L3_B75_el3510_H8_W8.npy,0.9892411418734758,"13792,24,0,5,1,4,4,0,39,13,19,0,0,0,0,0,0,0,41"
Defect_L16_B170_el2157_H2_W2.npy,0.9990675656290345,"13926,0,0,0,0,0,0,0,0,0,9,0,0,0,4,3,0,0,0"
NoiseDefectFree_002812.npy,1.0,"13942,0,0,0,0,0,0,0,0,0,0,0,0,0,0,0,0,0,0"
NoiseDefectFree_002512.npy,1.0,"13942,0,0,0,0,0,0,0,0,0,0,0,0,0,0,0,0,0,0"
NoiseDefectFree_004283.npy,1.0,"13942,0,0,0,0,0,0,0,0,0,0,0,0,0,0,0,0,0,0"
NoiseDefectFree_001931.npy,1.0,"13942,0,0,0,0,0,0,0,0,0,0,0,0,0,0,0,0,0,0"
Defect_L2_B14_el141_H2_W2.npy,0.9993544685124085,"13928,5,0,3,0,0,0,0,5,1,0,0,0,0,0,0,0,0,0"
NoiseDefectFree_000198.npy,1.0,"13942,0,0,0,0,0,0,0,0,0,0,0,0,0,0,0,0,0,0"
Defect_L11_B53_el787_H2_W2.npy,0.9994979199540955,"13926,0,0,0,0,0,0,0,0,0,16,0,0,0,0,0,0,0,0"
NoiseDefectFree_002328.npy,1.0,"13942,0,0,0,0,0,0,0,0,0,0,0,0,0,0,0,0,0,0"
NoiseDefectFree_003511.npy,1.0,"13942,0,0,0,0,0,0,0,0,0,0,0,0,0,0,0,0,0,0"
NoiseDefectFree_004932.npy,1.0,"13942,0,0,0,0,0,0,0,0,0,0,0,0,0,0,0,0,0,0"
Defect_L3_B390_el5521_H2_W2.npy,0.9989241141873476,"13927,6,0,1,0,0,0,0,1,1,4,0,0,0,0,0,0,2,0"
Defect_L6_B53_el787_H2_W2.npy,0.9990675656290345,"13929,0,0,0,3,0,0,0,8,2,0,0,0,0,0,0,0,0,0"
Defect_L11_B62_el2845_H8_W8.npy,0.9960550853536078,"13810,0,0,0,0,0,0,0,0,0,131,0,0,0,0,0,0,1,0"
Defect_L13_B128_el6198_H8_W8.npy,0.9910342848945632,"13817,0,0,6,2,1,9,0,11,10,34,0,0,6,3,11,0,0,32"
Defect_L12_B275_el3815_H2_W2.npy,0.9985654855831301,"13922,0,0,0,0,0,0,0,0,0,16,0,0,0,4,0,0,0,0"
NoiseDefectFree_000855.npy,1.0,"13942,0,0,0,0,0,0,0,0,0,0,0,0,0,0,0,0,0,0"
NoiseDefectFree_004738.npy,1.0,"13942,0,0,0,0,0,0,0,0,0,0,0,0,0,0,0,0,0,0"
NoiseDefectFree_000699.npy,1.0,"13942,0,0,0,0,0,0,0,0,0,0,0,0,0,0,0,0,0,0"
Defect_L15_B7_el139_H4_W4.npy,0.9976330512121647,"13909,0,0,0,9,0,1,0,17,3,3,0,0,0,0,0,0,0,0"
NoiseDefectFree_001854.npy,1.0,"13942,0,0,0,0,0,0,0,0,0,0,0,0,0,0,0,0,0,0"
Defect_L10_B130_el1509_H2_W2.npy,0.9992110170707216,"13930,0,0,0,0,0,0,0,11,1,0,0,0,0,0,0,0,0,0"
NoiseDefectFree_003305.npy,1.0,"13942,0,0,0,0,0,0,0,0,0,0,0,0,0,0,0,0,0,0"
NoiseDefectFree_001496.npy,1.0,"13942,0,0,0,0,0,0,0,0,0,0,0,0,0,0,0,0,0,0"
Defect_L3_B157_el4495_H4_W4.npy,0.9979916798163821,"13918,0,0,0,0,0,0,0,0,0,24,0,0,0,0,0,0,0,0"
Defect_L6_B10_el465_H8_W8.npy,0.9936881365657725,"13844,0,0,0,33,10,0,0,36,18,1,0,0,0,0,0,0,0,0"
Defect_L11_B188_el5519_H4_W4.npy,0.9960550853536078,"13872,0,0,0,0,0,0,0,0,0,60,0,0,0,9,1,0,0,0"
Defect_L8_B155_el1843_H2_W2.npy,0.9989958399081911,"13928,0,0,0,3,0,0,0,10,1,0,0,0,0,0,0,0,0,0"
Defect_L15_B24_el1137_H8_W8.npy,0.9928991536364941,"13836,0,0,0,1,12,22,0,0,11,40,0,0,0,7,13,0,0,0"
NoiseDefectFree_001307.npy,1.0,"13942,0,0,0,0,0,0,0,0,0,0,0,0,0,0,0,0,0,0"
Defect_L6_B400_el5541_H2_W2.npy,0.9990675656290345,"13929,0,0,0,0,0,0,0,0,3,4,0,0,0,1,5,0,0,0"
NoiseDefectFree_001664.npy,1.0,"13942,0,0,0,0,0,0,0,0,0,0,0,0,0,0,0,0,0,0"
Defect_L16_B127_el1503_H2_W2.npy,0.9991392913498781,"13927,0,0,0,0,0,0,0,0,0,8,0,0,0,4,3,0,0,0"
NoiseDefectFree_003628.npy,1.0,"13942,0,0,0,0,0,0,0,0,0,0,0,0,0,0,0,0,0,0"
NoiseDefectFree_002694.npy,1.0,"13942,0,0,0,0,0,0,0,0,0,0,0,0,0,0,0,0,0,0"
Defect_L7_B123_el1495_H2_W2.npy,0.9989958399081911,"13928,0,0,1,3,0,0,0,8,2,0,0,0,0,0,0,0,0,0"
Defect_L6_B211_el2807_H2_W2.npy,0.9991392913498781,"13929,0,0,0,0,1,0,0,10,2,0,0,0,0,0,0,0,0,0"
NoiseDefectFree_001679.npy,1.0,"13942,0,0,0,0,0,0,0,0,0,0,0,0,0,0,0,0,0,0"
Defect_L2_B127_el1503_H2_W2.npy,0.9994261942332521,"13927,7,0,1,0,0,0,0,6,1,0,0,0,0,0,0,0,0,0"
Defect_L10_B171_el4867_H4_W4.npy,0.9979916798163821,"13919,0,0,0,0,0,0,0,0,0,23,0,0,0,0,0,0,0,0"
Defect_L2_B111_el3143_H4_W4.npy,0.9977047769330082,"13902,8,0,7,2,0,2,0,21,0,0,0,0,0,0,0,0,0,0"
Defect_L4_B57_el1475_H4_W4.npy,0.9977765026538516,"13907,16,0,4,2,0,0,0,12,1,0,0,0,0,0,0,0,0,0"
NoiseDefectFree_000864.npy,1.0,"13942,0,0,0,0,0,0,0,0,0,0,0,0,0,0,0,0,0,0"
Defect_L19_B63_el3139_H8_W8.npy,0.9860134844355186,"13719,14,0,1,0,0,9,0,37,1,108,4,0,9,4,6,0,2,28"
NoiseDefectFree_001485.npy,1.0,"13942,0,0,0,0,0,0,0,0,0,0,0,0,0,0,0,0,0,0"
NoiseDefectFree_004489.npy,1.0,"13942,0,0,0,0,0,0,0,0,0,0,0,0,0,0,0,0,0,0"
Defect_L13_B110_el5498_H8_W8.npy,0.9881652560608234,"13777,0,0,0,0,0,0,0,0,0,91,4,0,7,19,11,0,0,33"
Defect_L5_B64_el3146_H8_W8.npy,0.9932577822407115,"13837,0,0,0,12,24,0,0,44,25,0,0,0,0,0,0,0,0,0"
Defect_L16_B270_el3521_H2_W2.npy,0.9990675656290345,"13926,0,0,0,0,0,0,0,0,0,9,0,0,0,4,3,0,0,0"
Defect_L7_B198_el2497_H2_W2.npy,0.9987806627456606,"13924,1,0,2,3,1,1,0,8,2,0,0,0,0,0,0,0,0,0"
NoiseDefectFree_003841.npy,1.0,"13942,0,0,0,0,0,0,0,0,0,0,0,0,0,0,0,0,0,0"
Defect_L3_B292_el3849_H2_W2.npy,0.9989241141873476,"13927,7,0,2,0,0,0,0,3,3,0,0,0,0,0,0,0,0,0"
Defect_L14_B302_el4153_H2_W2.npy,0.9984937598622866,"13921,0,0,0,0,0,0,0,0,0,16,0,0,0,5,0,0,0,0"
NoiseDefectFree_002732.npy,1.0,"13942,0,0,0,0,0,0,0,0,0,0,0,0,0,0,0,0,0,0"
Defect_L7_B252_el3485_H2_W2.npy,0.9985654855831301,"13922,0,0,1,3,0,0,0,15,1,0,0,0,0,0,0,0,0,0"
NoiseDefectFree_002455.npy,1.0,"13942,0,0,0,0,0,0,0,0,0,0,0,0,0,0,0,0,0,0"
Defect_L18_B75_el3510_H8_W8.npy,0.985941758714675,"13744,14,0,1,0,0,0,0,1,0,107,1,0,3,8,6,0,2,55"
NoiseDefectFree_003105.npy,1.0,"13942,0,0,0,0,0,0,0,0,0,0,0,0,0,0,0,0,0,0"
Defect_L14_B364_el5171_H2_W2.npy,0.9981351312580692,"13916,0,0,0,0,0,0,0,0,0,18,0,0,0,3,4,0,1,0"
Defect_L9_B13_el486_H8_W8.npy,0.993903313728303,"13821,0,0,12,7,3,20,0,73,5,1,0,0,0,0,0,0,0,0"
Defect_L12_B216_el2817_H2_W2.npy,0.9985654855831301,"13922,0,0,0,0,0,0,0,0,0,20,0,0,0,0,0,0,0,0"
NoiseDefectFree_002569.npy,1.0,"13942,0,0,0,0,0,0,0,0,0,0,0,0,0,0,0,0,0,0"
Defect_L7_B78_el1843_H4_W4.npy,0.9969875197245732,"13899,1,0,8,4,2,1,0,25,2,0,0,0,0,0,0,0,0,0"
NoiseDefectFree_002063.npy,1.0,"13942,0,0,0,0,0,0,0,0,0,0,0,0,0,0,0,0,0,0"
Defect_L11_B1_el115_H4_W4.npy,0.9970592454454167,"13898,0,0,0,3,5,0,0,18,8,10,0,0,0,0,0,0,0,0"
NoiseDefectFree_004888.npy,1.0,"13942,0,0,0,0,0,0,0,0,0,0,0,0,0,0,0,0,0,0"
Defect_L12_B30_el457_H2_W2.npy,0.9989958399081911,"13928,0,0,0,1,2,0,0,0,3,6,0,0,0,2,0,0,0,0"
Defect_L4_B174_el2165_H2_W2.npy,0.9990675656290345,"13926,5,0,3,0,0,0,0,8,0,0,0,0,0,0,0,0,0,0"
Defect_L2_B205_el5871_H4_W4.npy,0.9982068569789126,"13904,13,0,2,1,1,1,0,5,4,4,0,0,0,0,1,0,0,6"
Defect_L18_B31_H8_W4.npy,0.9954812795868598,"13869,16,0,2,0,0,1,0,2,0,26,0,0,0,1,0,0,10,15"
Defect_L7_B331_el4523_H2_W2.npy,0.9991392913498781,"13932,0,0,0,0,0,0,0,1,0,9,0,0,0,0,0,0,0,0"
Defect_L14_B154_el1841_H2_W2.npy,0.998852388466504,"13925,0,0,0,0,0,0,0,0,0,10,0,0,1,3,3,0,0,0"
NoiseDefectFree_001017.npy,1.0,"13942,0,0,0,0,0,0,0,0,0,0,0,0,0,0,0,0,0,0"
Defect_L19_B43_el2131_H8_W8.npy,0.9882369817816669,"13722,1,0,2,0,0,4,0,20,15,101,1,1,3,6,5,0,5,56"
NoiseDefectFree_004298.npy,1.0,"13942,0,0,0,0,0,0,0,0,0,0,0,0,0,0,0,0,0,0"
Defect_L9_B245_el3187_H2_W2.npy,0.9996413713957826,"13929,0,0,0,0,0,0,0,12,1,0,0,0,0,0,0,0,0,0"
NoiseDefectFree_001022.npy,1.0,"13942,0,0,0,0,0,0,0,0,0,0,0,0,0,0,0,0,0,0"
Defect_L5_B278_el3821_H2_W2.npy,0.9994261942332521,"13927,0,0,0,7,0,0,0,4,4,0,0,0,0,0,0,0,0,0"
NoiseDefectFree_003944.npy,1.0,"13942,0,0,0,0,0,0,0,0,0,0,0,0,0,0,0,0,0,0"
NoiseDefectFree_001586.npy,1.0,"13942,0,0,0,0,0,0,0,0,0,0,0,0,0,0,0,0,0,0"
Defect_L15_B41_el1127_H4_W4.npy,0.9979916798163821,"13910,0,0,0,0,1,4,0,0,3,15,0,0,0,4,5,0,0,0"
NoiseDefectFree_000776.npy,1.0,"13942,0,0,0,0,0,0,0,0,0,0,0,0,0,0,0,0,0,0"
Defect_L11_B434_el6177_H2_W2.npy,0.999713097116626,"13929,0,0,0,0,0,0,0,0,0,13,0,0,0,0,0,0,0,0"
Defect_L13_B289_el3843_H2_W2.npy,0.9977765026538516,"13911,0,0,0,0,0,0,0,0,0,21,0,0,0,6,4,0,0,0"
Defect_L3_B103_el1171_H2_W2.npy,0.9989958399081911,"13928,6,0,2,0,0,0,0,5,1,0,0,0,0,0,0,0,0,0"
NoiseDefectFree_002613.npy,1.0,"13942,0,0,0,0,0,0,0,0,0,0,0,0,0,0,0,0,0,0"
Defect_L17_B21_el829_H8_W8.npy,0.9910342848945632,"13817,38,0,11,0,6,7,0,8,5,34,0,0,1,0,0,0,9,6"
Defect_L11_B429_el6167_H2_W2.npy,0.999713097116626,"13929,0,0,0,0,0,0,0,0,0,13,0,0,0,0,0,0,0,0"
NoiseDefectFree_003891.npy,1.0,"13942,0,0,0,0,0,0,0,0,0,0,0,0,0,0,0,0,0,0"
NoiseDefectFree_001529.npy,1.0,"13942,0,0,0,0,0,0,0,0,0,0,0,0,0,0,0,0,0,0"
NoiseDefectFree_003006.npy,1.0,"13942,0,0,0,0,0,0,0,0,0,0,0,0,0,0,0,0,0,0"
NoiseDefectFree_002748.npy,1.0,"13942,0,0,0,0,0,0,0,0,0,0,0,0,0,0,0,0,0,0"
Defect_L6_B212_el6183_H4_W4.npy,0.9979199540955387,"13910,0,0,0,7,3,0,0,11,11,0,0,0,0,0,0,0,0,0"
Defect_L5_B155_el4487_H4_W4.npy,0.9980634055372256,"13918,0,0,0,0,0,0,0,0,0,24,0,0,0,0,0,0,0,0"
Defect_L8_B18_el149_H2_W2.npy,0.9987806627456606,"13925,0,0,0,3,0,0,0,13,1,0,0,0,0,0,0,0,0,0"
NoiseDefectFree_003386.npy,1.0,"13942,0,0,0,0,0,0,0,0,0,0,0,0,0,0,0,0,0,0"
NoiseDefectFree_004556.npy,1.0,"13942,0,0,0,0,0,0,0,0,0,0,0,0,0,0,0,0,0,0"
NoiseDefectFree_001185.npy,1.0,"13942,0,0,0,0,0,0,0,0,0,0,0,0,0,0,0,0,0,0"
Defect_L10_B451_el6211_H2_W2.npy,0.9994261942332521,"13930,0,0,0,0,0,0,0,8,4,0,0,0,0,0,0,0,0,0"
Defect_L12_B53_el2488_H8_W8.npy,0.993903313728303,"13849,0,0,0,0,0,0,0,0,0,66,8,0,0,7,12,0,0,0"
NoiseDefectFree_002434.npy,1.0,"13942,0,0,0,0,0,0,0,0,0,0,0,0,0,0,0,0,0,0"
Defect_L8_B80_el3832_H8_W8.npy,0.9880218046191365,"13775,1,0,9,5,3,7,0,38,23,50,0,0,0,0,0,0,0,31"
NoiseDefectFree_000770.npy,1.0,"13942,0,0,0,0,0,0,0,0,0,0,0,0,0,0,0,0,0,0"
Defect_L18_B285_el3835_H2_W2.npy,0.9985654855831301,"13914,0,0,0,0,0,0,0,0,0,17,0,0,0,0,0,0,9,2"
Defect_L9_B56_el1471_H4_W4.npy,0.9978482283746951,"13900,0,0,0,6,0,4,0,29,3,0,0,0,0,0,0,0,0,0"
Defect_L15_B153_el4195_H4_W4.npy,0.9972744226079472,"13897,0,0,0,0,0,0,0,0,0,38,0,0,0,7,0,0,0,0"
Defect_L14_B369_el5195_H2_W2.npy,0.9980634055372256,"13915,0,0,0,0,0,0,0,0,0,22,0,0,0,4,1,0,0,0"
Defect_L9_B18_el808_H8_W8.npy,0.9932577822407115,"13819,0,0,16,8,5,18,0,68,7,1,0,0,0,0,0,0,0,0"
